motif, motif_enrichment, transcript, start, end, pvalue
GCRCCTGTARTCCCAGCWMYTYGGGAGGCYGAGGCRGGMGRATYRCTTGA,1.2e-076,ENST00000489678.1,2863,2913,2.59e-27
GCRCCTGTARTCCCAGCWMYTYGGGAGGCYGAGGCRGGMGRATYRCTTGA,1.2e-076,ENST00000296490.7,3625,3675,4.67e-26
GCRCCTGTARTCCCAGCWMYTYGGGAGGCYGAGGCRGGMGRATYRCTTGA,1.2e-076,ENST00000599719.5,115,165,6.68e-26
GCRCCTGTARTCCCAGCWMYTYGGGAGGCYGAGGCRGGMGRATYRCTTGA,1.2e-076,ENST00000489678.1,364,414,1.32e-25
GCRCCTGTARTCCCAGCWMYTYGGGAGGCYGAGGCRGGMGRATYRCTTGA,1.2e-076,ENST00000599719.5,250,300,1.81e-25
GCRCCTGTARTCCCAGCWMYTYGGGAGGCYGAGGCRGGMGRATYRCTTGA,1.2e-076,ENST00000241704.7,4325,4375,1.11e-24
GCRCCTGTARTCCCAGCWMYTYGGGAGGCYGAGGCRGGMGRATYRCTTGA,1.2e-076,ENST00000399012.6,1562,1612,2.19e-24
GCRCCTGTARTCCCAGCWMYTYGGGAGGCYGAGGCRGGMGRATYRCTTGA,1.2e-076,ENST00000296490.7,3491,3541,3.53e-24
GCRCCTGTARTCCCAGCWMYTYGGGAGGCYGAGGCRGGMGRATYRCTTGA,1.2e-076,ENST00000470826.5,2126,2176,8.56e-24
GCRCCTGTARTCCCAGCWMYTYGGGAGGCYGAGGCRGGMGRATYRCTTGA,1.2e-076,ENST00000489678.1,2726,2776,1.21e-23
GCRCCTGTARTCCCAGCWMYTYGGGAGGCYGAGGCRGGMGRATYRCTTGA,1.2e-076,ENST00000424390.1,22,72,1.21e-21
TKTAWAVWAAAAAWAAAAAWA,2.3e-057,ENST00000470826.5,2257,2278,2.05e-11
TKTAWAVWAAAAAWAAAAAWA,2.3e-057,ENST00000353258.7,2242,2263,2.05e-11
TKTAWAVWAAAAAWAAAAAWA,2.3e-057,ENST00000399012.6,1983,2004,3.45e-11
TKTAWAVWAAAAAWAAAAAWA,2.3e-057,ENST00000296490.7,3751,3772,3.45e-11
TKTAWAVWAAAAAWAAAAAWA,2.3e-057,ENST00000379483.3,2991,3012,4.53e-11
TKTAWAVWAAAAAWAAAAAWA,2.3e-057,ENST00000422769.6,2657,2678,1.01e-09
TKTAWAVWAAAAAWAAAAAWA,2.3e-057,ENST00000241704.7,4284,4305,1.01e-09
TKTAWAVWAAAAAWAAAAAWA,2.3e-057,ENST00000470826.5,2085,2106,3.68e-09
TKTAWAVWAAAAAWAAAAAWA,2.3e-057,ENST00000379483.3,3152,3173,3.68e-09
TKTAWAVWAAAAAWAAAAAWA,2.3e-057,ENST00000489678.1,2821,2842,3.68e-09
TKTAWAVWAAAAAWAAAAAWA,2.3e-057,ENST00000424390.1,116,137,3.68e-09
TKTAWAVWAAAAAWAAAAAWA,2.3e-057,ENST00000599719.5,209,230,3.68e-09
TKTAWAVWAAAAAWAAAAAWA,2.3e-057,ENST00000373218.4,6913,6934,1.01e-08
TKTAWAVWAAAAAWAAAAAWA,2.3e-057,ENST00000440274.5,2247,2268,1.89e-08
TKTAWAVWAAAAAWAAAAAWA,2.3e-057,ENST00000296490.7,3585,3606,2.20e-08
TKTAWAVWAAAAAWAAAAAWA,2.3e-057,ENST00000393118.6,2408,2429,4.60e-08
TKTAWAVWAAAAAWAAAAAWA,2.3e-057,ENST00000375469.5,1067,1088,4.60e-08
TKTAWAVWAAAAAWAAAAAWA,2.3e-057,ENST00000369332.7,2762,2783,4.60e-08
TKTAWAVWAAAAAWAAAAAWA,2.3e-057,ENST00000489678.1,492,513,5.30e-08
TKTAWAVWAAAAAWAAAAAWA,2.3e-057,ENST00000399012.6,1522,1543,7.01e-08
TKTAWAVWAAAAAWAAAAAWA,2.3e-057,ENST00000469867.1,2471,2492,9.22e-08
TKTAWAVWAAAAAWAAAAAWA,2.3e-057,ENST00000422769.6,3232,3253,1.05e-07
TKTAWAVWAAAAAWAAAAAWA,2.3e-057,ENST00000261947.4,1712,1733,1.20e-07
TKTAWAVWAAAAAWAAAAAWA,2.3e-057,ENST00000281938.6,2109,2130,1.37e-07
TKTAWAVWAAAAAWAAAAAWA,2.3e-057,ENST00000409000.5,427,448,1.57e-07
TKTAWAVWAAAAAWAAAAAWA,2.3e-057,ENST00000469867.1,1575,1596,2.30e-07
TKTAWAVWAAAAAWAAAAAWA,2.3e-057,ENST00000422769.6,1770,1791,2.30e-07
TKTAWAVWAAAAAWAAAAAWA,2.3e-057,ENST00000409896.1,1843,1864,2.94e-07
TKTAWAVWAAAAAWAAAAAWA,2.3e-057,ENST00000422769.6,3031,3052,3.33e-07
TKTAWAVWAAAAAWAAAAAWA,2.3e-057,ENST00000422769.6,1510,1531,3.33e-07
TKTAWAVWAAAAAWAAAAAWA,2.3e-057,ENST00000399012.6,1818,1839,4.77e-07
TKTAWAVWAAAAAWAAAAAWA,2.3e-057,ENST00000219204.7,1431,1452,4.77e-07
TKTAWAVWAAAAAWAAAAAWA,2.3e-057,ENST00000422769.6,3114,3135,6.03e-07
TKTAWAVWAAAAAWAAAAAWA,2.3e-057,ENST00000469867.1,1604,1625,8.50e-07
TKTAWAVWAAAAAWAAAAAWA,2.3e-057,ENST00000219204.7,1970,1991,8.50e-07
TKTAWAVWAAAAAWAAAAAWA,2.3e-057,ENST00000409896.1,2013,2034,8.50e-07
TKTAWAVWAAAAAWAAAAAWA,2.3e-057,ENST00000379483.3,3848,3869,1.06e-06
TKTAWAVWAAAAAWAAAAAWA,2.3e-057,ENST00000284727.8,4124,4145,1.19e-06
TKTAWAVWAAAAAWAAAAAWA,2.3e-057,ENST00000396053.9,2068,2089,1.32e-06
TKTAWAVWAAAAAWAAAAAWA,2.3e-057,ENST00000379483.3,4140,4161,1.32e-06
TKTAWAVWAAAAAWAAAAAWA,2.3e-057,ENST00000422769.6,2601,2622,1.32e-06
TKTAWAVWAAAAAWAAAAAWA,2.3e-057,ENST00000379483.3,2892,2913,1.47e-06
TKTAWAVWAAAAAWAAAAAWA,2.3e-057,ENST00000422769.6,3288,3309,1.47e-06
TKTAWAVWAAAAAWAAAAAWA,2.3e-057,ENST00000422769.6,3262,3283,1.47e-06
TKTAWAVWAAAAAWAAAAAWA,2.3e-057,ENST00000614627.4,1946,1967,1.64e-06
TKTAWAVWAAAAAWAAAAAWA,2.3e-057,ENST00000614627.4,1335,1356,1.64e-06
TKTAWAVWAAAAAWAAAAAWA,2.3e-057,ENST00000241704.7,4148,4169,1.64e-06
TKTAWAVWAAAAAWAAAAAWA,2.3e-057,ENST00000593012.1,1330,1351,1.82e-06
TKTAWAVWAAAAAWAAAAAWA,2.3e-057,ENST00000294360.4,1009,1030,2.02e-06
TKTAWAVWAAAAAWAAAAAWA,2.3e-057,ENST00000354379.8,2192,2213,2.02e-06
TKTAWAVWAAAAAWAAAAAWA,2.3e-057,ENST00000353258.7,1620,1641,2.24e-06
TKTAWAVWAAAAAWAAAAAWA,2.3e-057,ENST00000369702.4,3425,3446,2.24e-06
TKTAWAVWAAAAAWAAAAAWA,2.3e-057,ENST00000261813.8,319,340,2.49e-06
TKTAWAVWAAAAAWAAAAAWA,2.3e-057,ENST00000440274.5,2357,2378,2.49e-06
TKTAWAVWAAAAAWAAAAAWA,2.3e-057,ENST00000409896.1,1245,1266,2.49e-06
TKTAWAVWAAAAAWAAAAAWA,2.3e-057,ENST00000589713.1,311,332,2.76e-06
TKTAWAVWAAAAAWAAAAAWA,2.3e-057,ENST00000644386.1,178,199,3.05e-06
TKTAWAVWAAAAAWAAAAAWA,2.3e-057,ENST00000369702.4,3655,3676,3.05e-06
TKTAWAVWAAAAAWAAAAAWA,2.3e-057,ENST00000334815.4,1575,1596,3.05e-06
TKTAWAVWAAAAAWAAAAAWA,2.3e-057,ENST00000614627.4,1268,1289,3.37e-06
TKTAWAVWAAAAAWAAAAAWA,2.3e-057,ENST00000009180.9,1190,1211,3.37e-06
TKTAWAVWAAAAAWAAAAAWA,2.3e-057,ENST00000422769.6,3080,3101,3.72e-06
TKTAWAVWAAAAAWAAAAAWA,2.3e-057,ENST00000284727.8,3785,3806,4.11e-06
TKTAWAVWAAAAAWAAAAAWA,2.3e-057,ENST00000396053.9,2900,2921,4.53e-06
TKTAWAVWAAAAAWAAAAAWA,2.3e-057,ENST00000373218.4,7187,7208,4.53e-06
TKTAWAVWAAAAAWAAAAAWA,2.3e-057,ENST00000367075.3,784,805,4.53e-06
TKTAWAVWAAAAAWAAAAAWA,2.3e-057,ENST00000369702.4,2135,2156,4.98e-06
TKTAWAVWAAAAAWAAAAAWA,2.3e-057,ENST00000284727.8,5451,5472,6.62e-06
TKTAWAVWAAAAAWAAAAAWA,2.3e-057,ENST00000374616.7,2434,2455,6.62e-06
TKTAWAVWAAAAAWAAAAAWA,2.3e-057,ENST00000353258.7,2912,2933,6.62e-06
TKTAWAVWAAAAAWAAAAAWA,2.3e-057,ENST00000469867.1,2057,2078,7.27e-06
TKTAWAVWAAAAAWAAAAAWA,2.3e-057,ENST00000261813.8,1283,1304,7.27e-06
TKTAWAVWAAAAAWAAAAAWA,2.3e-057,ENST00000407025.5,1150,1171,7.27e-06
TKTAWAVWAAAAAWAAAAAWA,2.3e-057,ENST00000409896.1,1388,1409,7.27e-06
TKTAWAVWAAAAAWAAAAAWA,2.3e-057,ENST00000284727.8,5008,5029,8.74e-06
TKTAWAVWAAAAAWAAAAAWA,2.3e-057,ENST00000369332.7,2299,2320,8.74e-06
TKTAWAVWAAAAAWAAAAAWA,2.3e-057,ENST00000422769.6,1051,1072,8.74e-06
TKTAWAVWAAAAAWAAAAAWA,2.3e-057,ENST00000345046.11,1049,1070,9.57e-06
TKTAWAVWAAAAAWAAAAAWA,2.3e-057,ENST00000409896.1,1201,1222,9.57e-06
TKTAWAVWAAAAAWAAAAAWA,2.3e-057,ENST00000284727.8,2062,2083,1.05e-05
TKTAWAVWAAAAAWAAAAAWA,2.3e-057,ENST00000523430.5,1694,1715,1.05e-05
TKTAWAVWAAAAAWAAAAAWA,2.3e-057,ENST00000374616.7,873,894,1.05e-05
TKTAWAVWAAAAAWAAAAAWA,2.3e-057,ENST00000469867.1,1074,1095,1.14e-05
TKTAWAVWAAAAAWAAAAAWA,2.3e-057,ENST00000422769.6,2698,2719,1.14e-05
TKTAWAVWAAAAAWAAAAAWA,2.3e-057,ENST00000261947.4,789,810,1.25e-05
TKTAWAVWAAAAAWAAAAAWA,2.3e-057,ENST00000551983.1,682,703,1.25e-05
TKTAWAVWAAAAAWAAAAAWA,2.3e-057,ENST00000409896.1,1021,1042,1.25e-05
TKTAWAVWAAAAAWAAAAAWA,2.3e-057,ENST00000369332.7,346,367,1.36e-05
TKTAWAVWAAAAAWAAAAAWA,2.3e-057,ENST00000379715.9,652,673,1.49e-05
TKTAWAVWAAAAAWAAAAAWA,2.3e-057,ENST00000409896.1,2782,2803,1.49e-05
TKTAWAVWAAAAAWAAAAAWA,2.3e-057,ENST00000396053.9,1382,1403,1.62e-05
TKTAWAVWAAAAAWAAAAAWA,2.3e-057,ENST00000614627.4,3773,3794,1.76e-05
TKTAWAVWAAAAAWAAAAAWA,2.3e-057,ENST00000614627.4,3658,3679,1.76e-05
TKTAWAVWAAAAAWAAAAAWA,2.3e-057,ENST00000396053.9,2691,2712,1.92e-05
TKTAWAVWAAAAAWAAAAAWA,2.3e-057,ENST00000373218.4,3594,3615,1.92e-05
TKTAWAVWAAAAAWAAAAAWA,2.3e-057,ENST00000009180.9,1126,1147,1.92e-05
TKTAWAVWAAAAAWAAAAAWA,2.3e-057,ENST00000367075.3,2605,2626,1.92e-05
TKTAWAVWAAAAAWAAAAAWA,2.3e-057,ENST00000614627.4,2473,2494,2.27e-05
TKTAWAVWAAAAAWAAAAAWA,2.3e-057,ENST00000369405.7,1376,1397,2.46e-05
TKTAWAVWAAAAAWAAAAAWA,2.3e-057,ENST00000489573.5,1410,1431,2.46e-05
TKTAWAVWAAAAAWAAAAAWA,2.3e-057,ENST00000284727.8,3825,3846,3.14e-05
TKTAWAVWAAAAAWAAAAAWA,2.3e-057,ENST00000219204.7,889,910,3.14e-05
TKTAWAVWAAAAAWAAAAAWA,2.3e-057,ENST00000369405.7,452,473,3.40e-05
TKTAWAVWAAAAAWAAAAAWA,2.3e-057,ENST00000219204.7,1642,1663,3.68e-05
TKTAWAVWAAAAAWAAAAAWA,2.3e-057,ENST00000296490.7,567,588,5.39e-05
TKTAWAVWAAAAAWAAAAAWA,2.3e-057,ENST00000009180.9,1095,1116,6.25e-05
TKTAWAVWAAAAAWAAAAAWA,2.3e-057,ENST00000009180.9,240,261,8.35e-05
TKTAWAVWAAAAAWAAAAAWA,2.3e-057,ENST00000369332.7,1127,1148,1.45e-04
SMGSSNSGVSSNSSMGSNSSHSSBSSNSSMSSNSSBSSDSS,6.5e-054,ENST00000614627.4,676,717,8.81e-16
SMGSSNSGVSSNSSMGSNSSHSSBSSNSSMSSNSSBSSDSS,6.5e-054,ENST00000261947.4,288,329,1.59e-10
SMGSSNSGVSSNSSMGSNSSHSSBSSNSSMSSNSSBSSDSS,6.5e-054,ENST00000470826.5,139,180,8.05e-10
SMGSSNSGVSSNSSMGSNSSHSSBSSNSSMSSNSSBSSDSS,6.5e-054,ENST00000373627.9,186,227,2.86e-09
SMGSSNSGVSSNSSMGSNSSHSSBSSNSSMSSNSSBSSDSS,6.5e-054,ENST00000296490.7,220,261,3.50e-09
SMGSSNSGVSSNSSMGSNSSHSSBSSNSSMSSNSSBSSDSS,6.5e-054,ENST00000390015.7,2292,2333,4.28e-09
SMGSSNSGVSSNSSMGSNSSHSSBSSNSSMSSNSSBSSDSS,6.5e-054,ENST00000345046.11,125,166,6.32e-09
SMGSSNSGVSSNSSMGSNSSHSSBSSNSSMSSNSSBSSDSS,6.5e-054,ENST00000264832.7,340,381,1.34e-08
SMGSSNSGVSSNSSMGSNSSHSSBSSNSSMSSNSSBSSDSS,6.5e-054,ENST00000248121.6,149,190,2.30e-08
SMGSSNSGVSSNSSMGSNSSHSSBSSNSSMSSNSSBSSDSS,6.5e-054,ENST00000261947.4,241,282,2.74e-08
SMGSSNSGVSSNSSMGSNSSHSSBSSNSSMSSNSSBSSDSS,6.5e-054,ENST00000261947.4,405,446,3.26e-08
SMGSSNSGVSSNSSMGSNSSHSSBSSNSSMSSNSSBSSDSS,6.5e-054,ENST00000563749.1,195,236,5.41e-08
SMGSSNSGVSSNSSMGSNSSHSSBSSNSSMSSNSSBSSDSS,6.5e-054,ENST00000369702.4,269,310,5.41e-08
SMGSSNSGVSSNSSMGSNSSHSSBSSNSSMSSNSSBSSDSS,6.5e-054,ENST00000470826.5,237,278,7.52e-08
SMGSSNSGVSSNSSMGSNSSHSSBSSNSSMSSNSSBSSDSS,6.5e-054,ENST00000261947.4,349,390,7.52e-08
SMGSSNSGVSSNSSMGSNSSHSSBSSNSSMSSNSSBSSDSS,6.5e-054,ENST00000395176.2,401,442,8.83e-08
SMGSSNSGVSSNSSMGSNSSHSSBSSNSSMSSNSSBSSDSS,6.5e-054,ENST00000390015.7,804,845,1.04e-07
SMGSSNSGVSSNSSMGSNSSHSSBSSNSSMSSNSSBSSDSS,6.5e-054,ENST00000328111.6,261,302,1.04e-07
SMGSSNSGVSSNSSMGSNSSHSSBSSNSSMSSNSSBSSDSS,6.5e-054,ENST00000593012.1,713,754,1.04e-07
SMGSSNSGVSSNSSMGSNSSHSSBSSNSSMSSNSSBSSDSS,6.5e-054,ENST00000334815.4,286,327,1.04e-07
SMGSSNSGVSSNSSMGSNSSHSSBSSNSSMSSNSSBSSDSS,6.5e-054,ENST00000390015.7,1413,1454,1.21e-07
SMGSSNSGVSSNSSMGSNSSHSSBSSNSSMSSNSSBSSDSS,6.5e-054,ENST00000246957.9,80,121,1.21e-07
SMGSSNSGVSSNSSMGSNSSHSSBSSNSSMSSNSSBSSDSS,6.5e-054,ENST00000248121.6,99,140,1.21e-07
SMGSSNSGVSSNSSMGSNSSHSSBSSNSSMSSNSSBSSDSS,6.5e-054,ENST00000449376.5,38,79,1.42e-07
SMGSSNSGVSSNSSMGSNSSHSSBSSNSSMSSNSSBSSDSS,6.5e-054,ENST00000248121.6,449,490,1.42e-07
SMGSSNSGVSSNSSMGSNSSHSSBSSNSSMSSNSSBSSDSS,6.5e-054,ENST00000328111.6,121,162,1.65e-07
SMGSSNSGVSSNSSMGSNSSHSSBSSNSSMSSNSSBSSDSS,6.5e-054,ENST00000248121.6,551,592,1.65e-07
SMGSSNSGVSSNSSMGSNSSHSSBSSNSSMSSNSSBSSDSS,6.5e-054,ENST00000390015.7,2562,2603,1.93e-07
SMGSSNSGVSSNSSMGSNSSHSSBSSNSSMSSNSSBSSDSS,6.5e-054,ENST00000261947.4,603,644,1.93e-07
SMGSSNSGVSSNSSMGSNSSHSSBSSNSSMSSNSSBSSDSS,6.5e-054,ENST00000614627.4,40,81,1.93e-07
SMGSSNSGVSSNSSMGSNSSHSSBSSNSSMSSNSSBSSDSS,6.5e-054,ENST00000345046.11,207,248,2.24e-07
SMGSSNSGVSSNSSMGSNSSHSSBSSNSSMSSNSSBSSDSS,6.5e-054,ENST00000345046.11,27,68,2.24e-07
SMGSSNSGVSSNSSMGSNSSHSSBSSNSSMSSNSSBSSDSS,6.5e-054,ENST00000331821.7,62,103,2.24e-07
SMGSSNSGVSSNSSMGSNSSHSSBSSNSSMSSNSSBSSDSS,6.5e-054,ENST00000290216.13,1083,1124,2.24e-07
SMGSSNSGVSSNSSMGSNSSHSSBSSNSSMSSNSSBSSDSS,6.5e-054,ENST00000246957.9,1949,1990,3.49e-07
SMGSSNSGVSSNSSMGSNSSHSSBSSNSSMSSNSSBSSDSS,6.5e-054,ENST00000328024.10,767,808,3.49e-07
SMGSSNSGVSSNSSMGSNSSHSSBSSNSSMSSNSSBSSDSS,6.5e-054,ENST00000369702.4,830,871,3.49e-07
SMGSSNSGVSSNSSMGSNSSHSSBSSNSSMSSNSSBSSDSS,6.5e-054,ENST00000476309.5,545,586,4.03e-07
SMGSSNSGVSSNSSMGSNSSHSSBSSNSSMSSNSSBSSDSS,6.5e-054,ENST00000266069.4,7,48,4.65e-07
SMGSSNSGVSSNSSMGSNSSHSSBSSNSSMSSNSSBSSDSS,6.5e-054,ENST00000505307.5,46,87,4.65e-07
SMGSSNSGVSSNSSMGSNSSHSSBSSNSSMSSNSSBSSDSS,6.5e-054,ENST00000390015.7,2208,2249,5.36e-07
SMGSSNSGVSSNSSMGSNSSHSSBSSNSSMSSNSSBSSDSS,6.5e-054,ENST00000261947.4,540,581,5.36e-07
SMGSSNSGVSSNSSMGSNSSHSSBSSNSSMSSNSSBSSDSS,6.5e-054,ENST00000489573.5,361,402,6.16e-07
SMGSSNSGVSSNSSMGSNSSHSSBSSNSSMSSNSSBSSDSS,6.5e-054,ENST00000390015.7,2,43,7.07e-07
SMGSSNSGVSSNSSMGSNSSHSSBSSNSSMSSNSSBSSDSS,6.5e-054,ENST00000373627.9,240,281,7.07e-07
SMGSSNSGVSSNSSMGSNSSHSSBSSNSSMSSNSSBSSDSS,6.5e-054,ENST00000563749.1,136,177,7.07e-07
SMGSSNSGVSSNSSMGSNSSHSSBSSNSSMSSNSSBSSDSS,6.5e-054,ENST00000614627.4,179,220,7.07e-07
SMGSSNSGVSSNSSMGSNSSHSSBSSNSSMSSNSSBSSDSS,6.5e-054,ENST00000334815.4,985,1026,7.07e-07
SMGSSNSGVSSNSSMGSNSSHSSBSSNSSMSSNSSBSSDSS,6.5e-054,ENST00000390015.7,1035,1076,8.11e-07
SMGSSNSGVSSNSSMGSNSSHSSBSSNSSMSSNSSBSSDSS,6.5e-054,ENST00000328024.10,1309,1350,8.11e-07
SMGSSNSGVSSNSSMGSNSSHSSBSSNSSMSSNSSBSSDSS,6.5e-054,ENST00000586789.5,188,229,9.29e-07
SMGSSNSGVSSNSSMGSNSSHSSBSSNSSMSSNSSBSSDSS,6.5e-054,ENST00000405362.1,74,115,9.29e-07
SMGSSNSGVSSNSSMGSNSSHSSBSSNSSMSSNSSBSSDSS,6.5e-054,ENST00000470826.5,72,113,1.06e-06
SMGSSNSGVSSNSSMGSNSSHSSBSSNSSMSSNSSBSSDSS,6.5e-054,ENST00000334815.4,721,762,1.06e-06
SMGSSNSGVSSNSSMGSNSSHSSBSSNSSMSSNSSBSSDSS,6.5e-054,ENST00000405362.1,17,58,1.06e-06
SMGSSNSGVSSNSSMGSNSSHSSBSSNSSMSSNSSBSSDSS,6.5e-054,ENST00000614627.4,100,141,1.21e-06
SMGSSNSGVSSNSSMGSNSSHSSBSSNSSMSSNSSBSSDSS,6.5e-054,ENST00000586789.5,328,369,1.21e-06
SMGSSNSGVSSNSSMGSNSSHSSBSSNSSMSSNSSBSSDSS,6.5e-054,ENST00000367075.3,26,67,1.21e-06
SMGSSNSGVSSNSSMGSNSSHSSBSSNSSMSSNSSBSSDSS,6.5e-054,ENST00000390015.7,1167,1208,1.38e-06
SMGSSNSGVSSNSSMGSNSSHSSBSSNSSMSSNSSBSSDSS,6.5e-054,ENST00000393118.6,135,176,1.38e-06
SMGSSNSGVSSNSSMGSNSSHSSBSSNSSMSSNSSBSSDSS,6.5e-054,ENST00000353258.7,391,432,1.38e-06
SMGSSNSGVSSNSSMGSNSSHSSBSSNSSMSSNSSBSSDSS,6.5e-054,ENST00000593012.1,140,181,1.38e-06
SMGSSNSGVSSNSSMGSNSSHSSBSSNSSMSSNSSBSSDSS,6.5e-054,ENST00000221232.10,1520,1561,1.38e-06
SMGSSNSGVSSNSSMGSNSSHSSBSSNSSMSSNSSBSSDSS,6.5e-054,ENST00000523430.5,62,103,1.57e-06
SMGSSNSGVSSNSSMGSNSSHSSBSSNSSMSSNSSBSSDSS,6.5e-054,ENST00000328024.10,599,640,1.57e-06
SMGSSNSGVSSNSSMGSNSSHSSBSSNSSMSSNSSBSSDSS,6.5e-054,ENST00000369332.7,170,211,1.57e-06
SMGSSNSGVSSNSSMGSNSSHSSBSSNSSMSSNSSBSSDSS,6.5e-054,ENST00000354379.8,58,99,1.57e-06
SMGSSNSGVSSNSSMGSNSSHSSBSSNSSMSSNSSBSSDSS,6.5e-054,ENST00000290216.13,1296,1337,1.57e-06
SMGSSNSGVSSNSSMGSNSSHSSBSSNSSMSSNSSBSSDSS,6.5e-054,ENST00000367075.3,1066,1107,1.57e-06
SMGSSNSGVSSNSSMGSNSSHSSBSSNSSMSSNSSBSSDSS,6.5e-054,ENST00000373627.9,389,430,1.79e-06
SMGSSNSGVSSNSSMGSNSSHSSBSSNSSMSSNSSBSSDSS,6.5e-054,ENST00000290216.13,726,767,1.79e-06
SMGSSNSGVSSNSSMGSNSSHSSBSSNSSMSSNSSBSSDSS,6.5e-054,ENST00000489678.1,84,125,2.03e-06
SMGSSNSGVSSNSSMGSNSSHSSBSSNSSMSSNSSBSSDSS,6.5e-054,ENST00000296490.7,161,202,2.03e-06
SMGSSNSGVSSNSSMGSNSSHSSBSSNSSMSSNSSBSSDSS,6.5e-054,ENST00000369405.7,14,55,2.30e-06
SMGSSNSGVSSNSSMGSNSSHSSBSSNSSMSSNSSBSSDSS,6.5e-054,ENST00000248121.6,650,691,2.30e-06
SMGSSNSGVSSNSSMGSNSSHSSBSSNSSMSSNSSBSSDSS,6.5e-054,ENST00000345046.11,275,316,2.61e-06
SMGSSNSGVSSNSSMGSNSSHSSBSSNSSMSSNSSBSSDSS,6.5e-054,ENST00000328111.6,882,923,2.61e-06
SMGSSNSGVSSNSSMGSNSSHSSBSSNSSMSSNSSBSSDSS,6.5e-054,ENST00000593012.1,232,273,2.61e-06
SMGSSNSGVSSNSSMGSNSSHSSBSSNSSMSSNSSBSSDSS,6.5e-054,ENST00000264832.7,994,1035,2.61e-06
SMGSSNSGVSSNSSMGSNSSHSSBSSNSSMSSNSSBSSDSS,6.5e-054,ENST00000266069.4,1722,1763,2.61e-06
SMGSSNSGVSSNSSMGSNSSHSSBSSNSSMSSNSSBSSDSS,6.5e-054,ENST00000248121.6,716,757,2.61e-06
SMGSSNSGVSSNSSMGSNSSHSSBSSNSSMSSNSSBSSDSS,6.5e-054,ENST00000246957.9,134,175,2.95e-06
SMGSSNSGVSSNSSMGSNSSHSSBSSNSSMSSNSSBSSDSS,6.5e-054,ENST00000407025.5,174,215,2.95e-06
SMGSSNSGVSSNSSMGSNSSHSSBSSNSSMSSNSSBSSDSS,6.5e-054,ENST00000328024.10,344,385,2.95e-06
SMGSSNSGVSSNSSMGSNSSHSSBSSNSSMSSNSSBSSDSS,6.5e-054,ENST00000563749.1,397,438,2.95e-06
SMGSSNSGVSSNSSMGSNSSHSSBSSNSSMSSNSSBSSDSS,6.5e-054,ENST00000369702.4,872,913,2.95e-06
SMGSSNSGVSSNSSMGSNSSHSSBSSNSSMSSNSSBSSDSS,6.5e-054,ENST00000392121.7,105,146,2.95e-06
SMGSSNSGVSSNSSMGSNSSHSSBSSNSSMSSNSSBSSDSS,6.5e-054,ENST00000390015.7,624,665,3.33e-06
SMGSSNSGVSSNSSMGSNSSHSSBSSNSSMSSNSSBSSDSS,6.5e-054,ENST00000393118.6,309,350,3.33e-06
SMGSSNSGVSSNSSMGSNSSHSSBSSNSSMSSNSSBSSDSS,6.5e-054,ENST00000373218.4,71,112,3.33e-06
SMGSSNSGVSSNSSMGSNSSHSSBSSNSSMSSNSSBSSDSS,6.5e-054,ENST00000399012.6,141,182,3.76e-06
SMGSSNSGVSSNSSMGSNSSHSSBSSNSSMSSNSSBSSDSS,6.5e-054,ENST00000345046.11,1108,1149,3.76e-06
SMGSSNSGVSSNSSMGSNSSHSSBSSNSSMSSNSSBSSDSS,6.5e-054,ENST00000392518.8,951,992,3.76e-06
SMGSSNSGVSSNSSMGSNSSHSSBSSNSSMSSNSSBSSDSS,6.5e-054,ENST00000261947.4,41,82,3.76e-06
SMGSSNSGVSSNSSMGSNSSHSSBSSNSSMSSNSSBSSDSS,6.5e-054,ENST00000353258.7,134,175,3.76e-06
SMGSSNSGVSSNSSMGSNSSHSSBSSNSSMSSNSSBSSDSS,6.5e-054,ENST00000584164.6,75,116,3.76e-06
SMGSSNSGVSSNSSMGSNSSHSSBSSNSSMSSNSSBSSDSS,6.5e-054,ENST00000407025.5,1316,1357,3.76e-06
SMGSSNSGVSSNSSMGSNSSHSSBSSNSSMSSNSSBSSDSS,6.5e-054,ENST00000328024.10,130,171,3.76e-06
SMGSSNSGVSSNSSMGSNSSHSSBSSNSSMSSNSSBSSDSS,6.5e-054,ENST00000395176.2,258,299,3.76e-06
SMGSSNSGVSSNSSMGSNSSHSSBSSNSSMSSNSSBSSDSS,6.5e-054,ENST00000614627.4,256,297,3.76e-06
SMGSSNSGVSSNSSMGSNSSHSSBSSNSSMSSNSSBSSDSS,6.5e-054,ENST00000367075.3,1189,1230,3.76e-06
SMGSSNSGVSSNSSMGSNSSHSSBSSNSSMSSNSSBSSDSS,6.5e-054,ENST00000473164.1,4,45,4.24e-06
SMGSSNSGVSSNSSMGSNSSHSSBSSNSSMSSNSSBSSDSS,6.5e-054,ENST00000221232.10,1476,1517,4.24e-06
SMGSSNSGVSSNSSMGSNSSHSSBSSNSSMSSNSSBSSDSS,6.5e-054,ENST00000369702.4,330,371,4.24e-06
SMGSSNSGVSSNSSMGSNSSHSSBSSNSSMSSNSSBSSDSS,6.5e-054,ENST00000354379.8,209,250,4.24e-06
SMGSSNSGVSSNSSMGSNSSHSSBSSNSSMSSNSSBSSDSS,6.5e-054,ENST00000328111.6,773,814,4.77e-06
SMGSSNSGVSSNSSMGSNSSHSSBSSNSSMSSNSSBSSDSS,6.5e-054,ENST00000248121.6,347,388,4.77e-06
SMGSSNSGVSSNSSMGSNSSHSSBSSNSSMSSNSSBSSDSS,6.5e-054,ENST00000399012.6,762,803,5.37e-06
SMGSSNSGVSSNSSMGSNSSHSSBSSNSSMSSNSSBSSDSS,6.5e-054,ENST00000246957.9,1433,1474,5.37e-06
SMGSSNSGVSSNSSMGSNSSHSSBSSNSSMSSNSSBSSDSS,6.5e-054,ENST00000261947.4,167,208,5.37e-06
SMGSSNSGVSSNSSMGSNSSHSSBSSNSSMSSNSSBSSDSS,6.5e-054,ENST00000219204.7,67,108,5.37e-06
SMGSSNSGVSSNSSMGSNSSHSSBSSNSSMSSNSSBSSDSS,6.5e-054,ENST00000524832.5,334,375,5.37e-06
SMGSSNSGVSSNSSMGSNSSHSSBSSNSSMSSNSSBSSDSS,6.5e-054,ENST00000266069.4,83,124,5.37e-06
SMGSSNSGVSSNSSMGSNSSHSSBSSNSSMSSNSSBSSDSS,6.5e-054,ENST00000367075.3,1738,1779,5.37e-06
SMGSSNSGVSSNSSMGSNSSHSSBSSNSSMSSNSSBSSDSS,6.5e-054,ENST00000219204.7,25,66,6.03e-06
SMGSSNSGVSSNSSMGSNSSHSSBSSNSSMSSNSSBSSDSS,6.5e-054,ENST00000334815.4,487,528,6.03e-06
SMGSSNSGVSSNSSMGSNSSHSSBSSNSSMSSNSSBSSDSS,6.5e-054,ENST00000390015.7,2853,2894,6.76e-06
SMGSSNSGVSSNSSMGSNSSHSSBSSNSSMSSNSSBSSDSS,6.5e-054,ENST00000390015.7,165,206,6.76e-06
SMGSSNSGVSSNSSMGSNSSHSSBSSNSSMSSNSSBSSDSS,6.5e-054,ENST00000361247.8,57,98,6.76e-06
SMGSSNSGVSSNSSMGSNSSHSSBSSNSSMSSNSSBSSDSS,6.5e-054,ENST00000563749.1,973,1014,6.76e-06
SMGSSNSGVSSNSSMGSNSSHSSBSSNSSMSSNSSBSSDSS,6.5e-054,ENST00000563749.1,493,534,6.76e-06
SMGSSNSGVSSNSSMGSNSSHSSBSSNSSMSSNSSBSSDSS,6.5e-054,ENST00000290216.13,219,260,6.76e-06
SMGSSNSGVSSNSSMGSNSSHSSBSSNSSMSSNSSBSSDSS,6.5e-054,ENST00000390015.7,334,375,7.57e-06
SMGSSNSGVSSNSSMGSNSSHSSBSSNSSMSSNSSBSSDSS,6.5e-054,ENST00000399012.6,465,506,7.57e-06
SMGSSNSGVSSNSSMGSNSSHSSBSSNSSMSSNSSBSSDSS,6.5e-054,ENST00000392518.8,1224,1265,7.57e-06
SMGSSNSGVSSNSSMGSNSSHSSBSSNSSMSSNSSBSSDSS,6.5e-054,ENST00000407025.5,308,349,7.57e-06
SMGSSNSGVSSNSSMGSNSSHSSBSSNSSMSSNSSBSSDSS,6.5e-054,ENST00000369702.4,767,808,7.57e-06
SMGSSNSGVSSNSSMGSNSSHSSBSSNSSMSSNSSBSSDSS,6.5e-054,ENST00000399012.6,2680,2721,8.47e-06
SMGSSNSGVSSNSSMGSNSSHSSBSSNSSMSSNSSBSSDSS,6.5e-054,ENST00000328111.6,1923,1964,8.47e-06
SMGSSNSGVSSNSSMGSNSSHSSBSSNSSMSSNSSBSSDSS,6.5e-054,ENST00000489678.1,1633,1674,8.47e-06
SMGSSNSGVSSNSSMGSNSSHSSBSSNSSMSSNSSBSSDSS,6.5e-054,ENST00000328024.10,890,931,8.47e-06
SMGSSNSGVSSNSSMGSNSSHSSBSSNSSMSSNSSBSSDSS,6.5e-054,ENST00000328024.10,416,457,8.47e-06
SMGSSNSGVSSNSSMGSNSSHSSBSSNSSMSSNSSBSSDSS,6.5e-054,ENST00000248121.6,293,334,8.47e-06
SMGSSNSGVSSNSSMGSNSSHSSBSSNSSMSSNSSBSSDSS,6.5e-054,ENST00000614627.4,631,672,8.47e-06
SMGSSNSGVSSNSSMGSNSSHSSBSSNSSMSSNSSBSSDSS,6.5e-054,ENST00000241704.7,126,167,8.47e-06
SMGSSNSGVSSNSSMGSNSSHSSBSSNSSMSSNSSBSSDSS,6.5e-054,ENST00000399012.6,5121,5162,9.47e-06
SMGSSNSGVSSNSSMGSNSSHSSBSSNSSMSSNSSBSSDSS,6.5e-054,ENST00000395176.2,573,614,9.47e-06
SMGSSNSGVSSNSSMGSNSSHSSBSSNSSMSSNSSBSSDSS,6.5e-054,ENST00000248121.6,392,433,9.47e-06
SMGSSNSGVSSNSSMGSNSSHSSBSSNSSMSSNSSBSSDSS,6.5e-054,ENST00000614627.4,526,567,9.47e-06
SMGSSNSGVSSNSSMGSNSSHSSBSSNSSMSSNSSBSSDSS,6.5e-054,ENST00000334815.4,1130,1171,9.47e-06
SMGSSNSGVSSNSSMGSNSSHSSBSSNSSMSSNSSBSSDSS,6.5e-054,ENST00000334815.4,2,43,9.47e-06
SMGSSNSGVSSNSSMGSNSSHSSBSSNSSMSSNSSBSSDSS,6.5e-054,ENST00000392518.8,1875,1916,1.06e-05
SMGSSNSGVSSNSSMGSNSSHSSBSSNSSMSSNSSBSSDSS,6.5e-054,ENST00000328111.6,202,243,1.06e-05
SMGSSNSGVSSNSSMGSNSSHSSBSSNSSMSSNSSBSSDSS,6.5e-054,ENST00000328111.6,62,103,1.06e-05
SMGSSNSGVSSNSSMGSNSSHSSBSSNSSMSSNSSBSSDSS,6.5e-054,ENST00000221232.10,834,875,1.06e-05
SMGSSNSGVSSNSSMGSNSSHSSBSSNSSMSSNSSBSSDSS,6.5e-054,ENST00000294360.4,84,125,1.06e-05
SMGSSNSGVSSNSSMGSNSSHSSBSSNSSMSSNSSBSSDSS,6.5e-054,ENST00000246957.9,2003,2044,1.18e-05
SMGSSNSGVSSNSSMGSNSSHSSBSSNSSMSSNSSBSSDSS,6.5e-054,ENST00000246957.9,1487,1528,1.18e-05
SMGSSNSGVSSNSSMGSNSSHSSBSSNSSMSSNSSBSSDSS,6.5e-054,ENST00000246957.9,11,52,1.18e-05
SMGSSNSGVSSNSSMGSNSSHSSBSSNSSMSSNSSBSSDSS,6.5e-054,ENST00000379483.3,648,689,1.18e-05
SMGSSNSGVSSNSSMGSNSSHSSBSSNSSMSSNSSBSSDSS,6.5e-054,ENST00000221232.10,1002,1043,1.18e-05
SMGSSNSGVSSNSSMGSNSSHSSBSSNSSMSSNSSBSSDSS,6.5e-054,ENST00000407981.6,238,279,1.18e-05
SMGSSNSGVSSNSSMGSNSSHSSBSSNSSMSSNSSBSSDSS,6.5e-054,ENST00000248121.6,1185,1226,1.18e-05
SMGSSNSGVSSNSSMGSNSSHSSBSSNSSMSSNSSBSSDSS,6.5e-054,ENST00000354379.8,140,181,1.18e-05
SMGSSNSGVSSNSSMGSNSSHSSBSSNSSMSSNSSBSSDSS,6.5e-054,ENST00000390015.7,1332,1373,1.31e-05
SMGSSNSGVSSNSSMGSNSSHSSBSSNSSMSSNSSBSSDSS,6.5e-054,ENST00000470826.5,460,501,1.31e-05
SMGSSNSGVSSNSSMGSNSSHSSBSSNSSMSSNSSBSSDSS,6.5e-054,ENST00000524832.5,424,465,1.31e-05
SMGSSNSGVSSNSSMGSNSSHSSBSSNSSMSSNSSBSSDSS,6.5e-054,ENST00000476309.5,291,332,1.31e-05
SMGSSNSGVSSNSSMGSNSSHSSBSSNSSMSSNSSBSSDSS,6.5e-054,ENST00000367075.3,1882,1923,1.31e-05
SMGSSNSGVSSNSSMGSNSSHSSBSSNSSMSSNSSBSSDSS,6.5e-054,ENST00000261947.4,1425,1466,1.46e-05
SMGSSNSGVSSNSSMGSNSSHSSBSSNSSMSSNSSBSSDSS,6.5e-054,ENST00000219204.7,198,239,1.46e-05
SMGSSNSGVSSNSSMGSNSSHSSBSSNSSMSSNSSBSSDSS,6.5e-054,ENST00000264832.7,1153,1194,1.46e-05
SMGSSNSGVSSNSSMGSNSSHSSBSSNSSMSSNSSBSSDSS,6.5e-054,ENST00000361247.8,1294,1335,1.46e-05
SMGSSNSGVSSNSSMGSNSSHSSBSSNSSMSSNSSBSSDSS,6.5e-054,ENST00000395176.2,840,881,1.46e-05
SMGSSNSGVSSNSSMGSNSSHSSBSSNSSMSSNSSBSSDSS,6.5e-054,ENST00000248121.6,770,811,1.46e-05
SMGSSNSGVSSNSSMGSNSSHSSBSSNSSMSSNSSBSSDSS,6.5e-054,ENST00000248121.6,2,43,1.46e-05
SMGSSNSGVSSNSSMGSNSSHSSBSSNSSMSSNSSBSSDSS,6.5e-054,ENST00000586789.5,790,831,1.46e-05
SMGSSNSGVSSNSSMGSNSSHSSBSSNSSMSSNSSBSSDSS,6.5e-054,ENST00000390015.7,711,752,1.63e-05
SMGSSNSGVSSNSSMGSNSSHSSBSSNSSMSSNSSBSSDSS,6.5e-054,ENST00000373627.9,61,102,1.81e-05
SMGSSNSGVSSNSSMGSNSSHSSBSSNSSMSSNSSBSSDSS,6.5e-054,ENST00000593012.1,936,977,1.81e-05
SMGSSNSGVSSNSSMGSNSSHSSBSSNSSMSSNSSBSSDSS,6.5e-054,ENST00000264832.7,814,855,1.81e-05
SMGSSNSGVSSNSSMGSNSSHSSBSSNSSMSSNSSBSSDSS,6.5e-054,ENST00000264832.7,46,87,1.81e-05
SMGSSNSGVSSNSSMGSNSSHSSBSSNSSMSSNSSBSSDSS,6.5e-054,ENST00000009180.9,32,73,1.81e-05
SMGSSNSGVSSNSSMGSNSSHSSBSSNSSMSSNSSBSSDSS,6.5e-054,ENST00000284727.8,2828,2869,2.01e-05
SMGSSNSGVSSNSSMGSNSSHSSBSSNSSMSSNSSBSSDSS,6.5e-054,ENST00000563749.1,334,375,2.01e-05
SMGSSNSGVSSNSSMGSNSSHSSBSSNSSMSSNSSBSSDSS,6.5e-054,ENST00000392121.7,20,61,2.01e-05
SMGSSNSGVSSNSSMGSNSSHSSBSSNSSMSSNSSBSSDSS,6.5e-054,ENST00000390015.7,981,1022,2.22e-05
SMGSSNSGVSSNSSMGSNSSHSSBSSNSSMSSNSSBSSDSS,6.5e-054,ENST00000328111.6,699,740,2.22e-05
SMGSSNSGVSSNSSMGSNSSHSSBSSNSSMSSNSSBSSDSS,6.5e-054,ENST00000407025.5,1037,1078,2.22e-05
SMGSSNSGVSSNSSMGSNSSHSSBSSNSSMSSNSSBSSDSS,6.5e-054,ENST00000407025.5,17,58,2.22e-05
SMGSSNSGVSSNSSMGSNSSHSSBSSNSSMSSNSSBSSDSS,6.5e-054,ENST00000489573.5,317,358,2.22e-05
SMGSSNSGVSSNSSMGSNSSHSSBSSNSSMSSNSSBSSDSS,6.5e-054,ENST00000372422.6,196,237,2.22e-05
SMGSSNSGVSSNSSMGSNSSHSSBSSNSSMSSNSSBSSDSS,6.5e-054,ENST00000334815.4,548,589,2.22e-05
SMGSSNSGVSSNSSMGSNSSHSSBSSNSSMSSNSSBSSDSS,6.5e-054,ENST00000361247.8,3001,3042,2.46e-05
SMGSSNSGVSSNSSMGSNSSHSSBSSNSSMSSNSSBSSDSS,6.5e-054,ENST00000373218.4,127,168,2.46e-05
SMGSSNSGVSSNSSMGSNSSHSSBSSNSSMSSNSSBSSDSS,6.5e-054,ENST00000558205.5,78,119,2.72e-05
SMGSSNSGVSSNSSMGSNSSHSSBSSNSSMSSNSSBSSDSS,6.5e-054,ENST00000489573.5,212,253,2.72e-05
SMGSSNSGVSSNSSMGSNSSHSSBSSNSSMSSNSSBSSDSS,6.5e-054,ENST00000221232.10,2559,2600,2.72e-05
SMGSSNSGVSSNSSMGSNSSHSSBSSNSSMSSNSSBSSDSS,6.5e-054,ENST00000563749.1,575,616,2.72e-05
SMGSSNSGVSSNSSMGSNSSHSSBSSNSSMSSNSSBSSDSS,6.5e-054,ENST00000372422.6,349,390,2.72e-05
SMGSSNSGVSSNSSMGSNSSHSSBSSNSSMSSNSSBSSDSS,6.5e-054,ENST00000334815.4,358,399,2.72e-05
SMGSSNSGVSSNSSMGSNSSHSSBSSNSSMSSNSSBSSDSS,6.5e-054,ENST00000379483.3,258,299,3.01e-05
SMGSSNSGVSSNSSMGSNSSHSSBSSNSSMSSNSSBSSDSS,6.5e-054,ENST00000328024.10,1671,1712,3.01e-05
SMGSSNSGVSSNSSMGSNSSHSSBSSNSSMSSNSSBSSDSS,6.5e-054,ENST00000390015.7,1485,1526,3.33e-05
SMGSSNSGVSSNSSMGSNSSHSSBSSNSSMSSNSSBSSDSS,6.5e-054,ENST00000361247.8,3,44,3.33e-05
SMGSSNSGVSSNSSMGSNSSHSSBSSNSSMSSNSSBSSDSS,6.5e-054,ENST00000328024.10,545,586,3.33e-05
SMGSSNSGVSSNSSMGSNSSHSSBSSNSSMSSNSSBSSDSS,6.5e-054,ENST00000431824.2,18,59,3.33e-05
SMGSSNSGVSSNSSMGSNSSHSSBSSNSSMSSNSSBSSDSS,6.5e-054,ENST00000290216.13,2,43,3.67e-05
SMGSSNSGVSSNSSMGSNSSHSSBSSNSSMSSNSSBSSDSS,6.5e-054,ENST00000296490.7,369,410,3.67e-05
SMGSSNSGVSSNSSMGSNSSHSSBSSNSSMSSNSSBSSDSS,6.5e-054,ENST00000399012.6,1059,1100,4.04e-05
SMGSSNSGVSSNSSMGSNSSHSSBSSNSSMSSNSSBSSDSS,6.5e-054,ENST00000379483.3,309,350,4.04e-05
SMGSSNSGVSSNSSMGSNSSHSSBSSNSSMSSNSSBSSDSS,6.5e-054,ENST00000372277.7,1,42,4.04e-05
SMGSSNSGVSSNSSMGSNSSHSSBSSNSSMSSNSSBSSDSS,6.5e-054,ENST00000328024.10,1229,1270,4.04e-05
SMGSSNSGVSSNSSMGSNSSHSSBSSNSSMSSNSSBSSDSS,6.5e-054,ENST00000395176.2,461,502,4.04e-05
SMGSSNSGVSSNSSMGSNSSHSSBSSNSSMSSNSSBSSDSS,6.5e-054,ENST00000390015.7,2040,2081,4.45e-05
SMGSSNSGVSSNSSMGSNSSHSSBSSNSSMSSNSSBSSDSS,6.5e-054,ENST00000221232.10,2244,2285,4.45e-05
SMGSSNSGVSSNSSMGSNSSHSSBSSNSSMSSNSSBSSDSS,6.5e-054,ENST00000221232.10,164,205,4.45e-05
SMGSSNSGVSSNSSMGSNSSHSSBSSNSSMSSNSSBSSDSS,6.5e-054,ENST00000009180.9,682,723,4.45e-05
SMGSSNSGVSSNSSMGSNSSHSSBSSNSSMSSNSSBSSDSS,6.5e-054,ENST00000221232.10,73,114,5.38e-05
SMGSSNSGVSSNSSMGSNSSHSSBSSNSSMSSNSSBSSDSS,6.5e-054,ENST00000398355.7,666,707,5.38e-05
SMGSSNSGVSSNSSMGSNSSHSSBSSNSSMSSNSSBSSDSS,6.5e-054,ENST00000524832.5,82,123,5.91e-05
SMGSSNSGVSSNSSMGSNSSHSSBSSNSSMSSNSSBSSDSS,6.5e-054,ENST00000221232.10,242,283,5.91e-05
SMGSSNSGVSSNSSMGSNSSHSSBSSNSSMSSNSSBSSDSS,6.5e-054,ENST00000331821.7,474,515,5.91e-05
SMGSSNSGVSSNSSMGSNSSHSSBSSNSSMSSNSSBSSDSS,6.5e-054,ENST00000614627.4,821,862,5.91e-05
SMGSSNSGVSSNSSMGSNSSHSSBSSNSSMSSNSSBSSDSS,6.5e-054,ENST00000405362.1,205,246,5.91e-05
SMGSSNSGVSSNSSMGSNSSHSSBSSNSSMSSNSSBSSDSS,6.5e-054,ENST00000379715.9,42,83,6.48e-05
SMGSSNSGVSSNSSMGSNSSHSSBSSNSSMSSNSSBSSDSS,6.5e-054,ENST00000246957.9,1034,1075,7.78e-05
SMGSSNSGVSSNSSMGSNSSHSSBSSNSSMSSNSSBSSDSS,6.5e-054,ENST00000375469.5,465,506,7.78e-05
SMGSSNSGVSSNSSMGSNSSHSSBSSNSSMSSNSSBSSDSS,6.5e-054,ENST00000328024.10,1141,1182,7.78e-05
SMGSSNSGVSSNSSMGSNSSHSSBSSNSSMSSNSSBSSDSS,6.5e-054,ENST00000334815.4,223,264,7.78e-05
SMGSSNSGVSSNSSMGSNSSHSSBSSNSSMSSNSSBSSDSS,6.5e-054,ENST00000473164.1,121,162,8.52e-05
SMGSSNSGVSSNSSMGSNSSHSSBSSNSSMSSNSSBSSDSS,6.5e-054,ENST00000361247.8,118,159,8.52e-05
SMGSSNSGVSSNSSMGSNSSHSSBSSNSSMSSNSSBSSDSS,6.5e-054,ENST00000431824.2,123,164,8.52e-05
SMGSSNSGVSSNSSMGSNSSHSSBSSNSSMSSNSSBSSDSS,6.5e-054,ENST00000449376.5,107,148,9.31e-05
SMGSSNSGVSSNSSMGSNSSHSSBSSNSSMSSNSSBSSDSS,6.5e-054,ENST00000399012.6,1203,1244,1.02e-04
SMGSSNSGVSSNSSMGSNSSHSSBSSNSSMSSNSSBSSDSS,6.5e-054,ENST00000399012.6,708,749,1.02e-04
SMGSSNSGVSSNSSMGSNSSHSSBSSNSSMSSNSSBSSDSS,6.5e-054,ENST00000361247.8,1207,1248,1.02e-04
SMGSSNSGVSSNSSMGSNSSHSSBSSNSSMSSNSSBSSDSS,6.5e-054,ENST00000614627.4,1517,1558,1.02e-04
SMGSSNSGVSSNSSMGSNSSHSSBSSNSSMSSNSSBSSDSS,6.5e-054,ENST00000390015.7,1949,1990,1.21e-04
SMGSSNSGVSSNSSMGSNSSHSSBSSNSSMSSNSSBSSDSS,6.5e-054,ENST00000328111.6,354,395,1.21e-04
SMGSSNSGVSSNSSMGSNSSHSSBSSNSSMSSNSSBSSDSS,6.5e-054,ENST00000563749.1,632,673,1.21e-04
SMGSSNSGVSSNSSMGSNSSHSSBSSNSSMSSNSSBSSDSS,6.5e-054,ENST00000369332.7,80,121,1.21e-04
SMGSSNSGVSSNSSMGSNSSHSSBSSNSSMSSNSSBSSDSS,6.5e-054,ENST00000372422.6,129,170,1.21e-04
SMGSSNSGVSSNSSMGSNSSHSSBSSNSSMSSNSSBSSDSS,6.5e-054,ENST00000599719.5,1431,1472,1.21e-04
SMGSSNSGVSSNSSMGSNSSHSSBSSNSSMSSNSSBSSDSS,6.5e-054,ENST00000284727.8,2884,2925,1.32e-04
SMGSSNSGVSSNSSMGSNSSHSSBSSNSSMSSNSSBSSDSS,6.5e-054,ENST00000586789.5,883,924,1.32e-04
SMGSSNSGVSSNSSMGSNSSHSSBSSNSSMSSNSSBSSDSS,6.5e-054,ENST00000405362.1,148,189,1.32e-04
SMGSSNSGVSSNSSMGSNSSHSSBSSNSSMSSNSSBSSDSS,6.5e-054,ENST00000261947.4,483,524,1.44e-04
SMGSSNSGVSSNSSMGSNSSHSSBSSNSSMSSNSSBSSDSS,6.5e-054,ENST00000328024.10,458,499,1.56e-04
SMGSSNSGVSSNSSMGSNSSHSSBSSNSSMSSNSSBSSDSS,6.5e-054,ENST00000328024.10,284,325,1.56e-04
SMGSSNSGVSSNSSMGSNSSHSSBSSNSSMSSNSSBSSDSS,6.5e-054,ENST00000586789.5,253,294,1.70e-04
SMGSSNSGVSSNSSMGSNSSHSSBSSNSSMSSNSSBSSDSS,6.5e-054,ENST00000379483.3,16,57,1.85e-04
SMGSSNSGVSSNSSMGSNSSHSSBSSNSSMSSNSSBSSDSS,6.5e-054,ENST00000334815.4,436,477,2.00e-04
SMGSSNSGVSSNSSMGSNSSHSSBSSNSSMSSNSSBSSDSS,6.5e-054,ENST00000221232.10,912,953,2.36e-04
SMGSSNSGVSSNSSMGSNSSHSSBSSNSSMSSNSSBSSDSS,6.5e-054,ENST00000246957.9,1547,1588,3.23e-04
SMGSSNSGVSSNSSMGSNSSHSSBSSNSSMSSNSSBSSDSS,6.5e-054,ENST00000331821.7,414,455,3.23e-04
SMGSSNSGVSSNSSMGSNSSHSSBSSNSSMSSNSSBSSDSS,6.5e-054,ENST00000345046.11,622,663,3.76e-04
SMGSSNSGVSSNSSMGSNSSHSSBSSNSSMSSNSSBSSDSS,6.5e-054,ENST00000296490.7,294,335,3.76e-04
SMGSSNSGVSSNSSMGSNSSHSSBSSNSSMSSNSSBSSDSS,6.5e-054,ENST00000407025.5,1214,1255,5.06e-04
SMGSSNSGVSSNSSMGSNSSHSSBSSNSSMSSNSSBSSDSS,6.5e-054,ENST00000246957.9,1865,1906,5.84e-04
SMGSSNSGVSSNSSMGSNSSHSSBSSNSSMSSNSSBSSDSS,6.5e-054,ENST00000395176.2,156,197,5.84e-04
SMGSSNSGVSSNSSMGSNSSHSSBSSNSSMSSNSSBSSDSS,6.5e-054,ENST00000296490.7,24,65,9.48e-04
SMGSSNSGVSSNSSMGSNSSHSSBSSNSSMSSNSSBSSDSS,6.5e-054,ENST00000328024.10,227,268,1.16e-03
SMGSSNSGVSSNSSMGSNSSHSSBSSNSSMSSNSSBSSDSS,6.5e-054,ENST00000379483.3,477,518,1.49e-03
WTTKWWTTTWKTNWTTTKTAW,1.1e-035,ENST00000470826.5,1913,1934,7.68e-13
WTTKWWTTTWKTNWTTTKTAW,1.1e-035,ENST00000422769.6,3347,3368,7.68e-13
WTTKWWTTTWKTNWTTTKTAW,1.1e-035,ENST00000373218.4,6600,6621,7.68e-13
WTTKWWTTTWKTNWTTTKTAW,1.1e-035,ENST00000396053.9,1564,1585,2.57e-10
WTTKWWTTTWKTNWTTTKTAW,1.1e-035,ENST00000367075.3,2519,2540,8.39e-10
WTTKWWTTTWKTNWTTTKTAW,1.1e-035,ENST00000266069.4,1273,1294,1.57e-08
WTTKWWTTTWKTNWTTTKTAW,1.1e-035,ENST00000493226.1,354,375,1.57e-08
WTTKWWTTTWKTNWTTTKTAW,1.1e-035,ENST00000284727.8,953,974,1.94e-08
WTTKWWTTTWKTNWTTTKTAW,1.1e-035,ENST00000379483.3,3189,3210,2.93e-08
WTTKWWTTTWKTNWTTTKTAW,1.1e-035,ENST00000316425.9,716,737,2.93e-08
WTTKWWTTTWKTNWTTTKTAW,1.1e-035,ENST00000379483.3,3730,3751,5.27e-08
WTTKWWTTTWKTNWTTTKTAW,1.1e-035,ENST00000266069.4,1426,1447,5.27e-08
WTTKWWTTTWKTNWTTTKTAW,1.1e-035,ENST00000395176.2,1480,1501,5.27e-08
WTTKWWTTTWKTNWTTTKTAW,1.1e-035,ENST00000296490.7,2272,2293,5.27e-08
WTTKWWTTTWKTNWTTTKTAW,1.1e-035,ENST00000264832.7,3165,3186,6.37e-08
WTTKWWTTTWKTNWTTTKTAW,1.1e-035,ENST00000331821.7,789,810,7.67e-08
WTTKWWTTTWKTNWTTTKTAW,1.1e-035,ENST00000373218.4,5078,5099,7.67e-08
WTTKWWTTTWKTNWTTTKTAW,1.1e-035,ENST00000396053.9,2350,2371,1.31e-07
WTTKWWTTTWKTNWTTTKTAW,1.1e-035,ENST00000563749.1,2029,2050,1.56e-07
WTTKWWTTTWKTNWTTTKTAW,1.1e-035,ENST00000369702.4,3690,3711,1.56e-07
WTTKWWTTTWKTNWTTTKTAW,1.1e-035,ENST00000369332.7,4783,4804,1.56e-07
WTTKWWTTTWKTNWTTTKTAW,1.1e-035,ENST00000354379.8,1747,1768,1.56e-07
WTTKWWTTTWKTNWTTTKTAW,1.1e-035,ENST00000009180.9,841,862,1.56e-07
WTTKWWTTTWKTNWTTTKTAW,1.1e-035,ENST00000399012.6,4495,4516,1.85e-07
WTTKWWTTTWKTNWTTTKTAW,1.1e-035,ENST00000379483.3,2728,2749,1.85e-07
WTTKWWTTTWKTNWTTTKTAW,1.1e-035,ENST00000563614.1,1906,1927,1.85e-07
WTTKWWTTTWKTNWTTTKTAW,1.1e-035,ENST00000422769.6,2341,2362,1.85e-07
WTTKWWTTTWKTNWTTTKTAW,1.1e-035,ENST00000523430.5,1818,1839,3.04e-07
WTTKWWTTTWKTNWTTTKTAW,1.1e-035,ENST00000264832.7,2420,2441,3.04e-07
WTTKWWTTTWKTNWTTTKTAW,1.1e-035,ENST00000284727.8,1124,1145,3.57e-07
WTTKWWTTTWKTNWTTTKTAW,1.1e-035,ENST00000261947.4,1657,1678,3.57e-07
WTTKWWTTTWKTNWTTTKTAW,1.1e-035,ENST00000009180.9,864,885,3.57e-07
WTTKWWTTTWKTNWTTTKTAW,1.1e-035,ENST00000369332.7,2036,2057,4.18e-07
WTTKWWTTTWKTNWTTTKTAW,1.1e-035,ENST00000614627.4,1783,1804,4.88e-07
WTTKWWTTTWKTNWTTTKTAW,1.1e-035,ENST00000393118.6,3972,3993,6.61e-07
WTTKWWTTTWKTNWTTTKTAW,1.1e-035,ENST00000563749.1,1921,1942,6.61e-07
WTTKWWTTTWKTNWTTTKTAW,1.1e-035,ENST00000614627.4,2995,3016,6.61e-07
WTTKWWTTTWKTNWTTTKTAW,1.1e-035,ENST00000379483.3,2645,2666,8.88e-07
WTTKWWTTTWKTNWTTTKTAW,1.1e-035,ENST00000379483.3,2358,2379,8.88e-07
WTTKWWTTTWKTNWTTTKTAW,1.1e-035,ENST00000396053.9,1270,1291,1.03e-06
WTTKWWTTTWKTNWTTTKTAW,1.1e-035,ENST00000009180.9,1016,1037,1.03e-06
WTTKWWTTTWKTNWTTTKTAW,1.1e-035,ENST00000523430.5,1667,1688,1.36e-06
WTTKWWTTTWKTNWTTTKTAW,1.1e-035,ENST00000367075.3,2660,2681,1.56e-06
WTTKWWTTTWKTNWTTTKTAW,1.1e-035,ENST00000367075.3,2332,2353,1.56e-06
WTTKWWTTTWKTNWTTTKTAW,1.1e-035,ENST00000451301.5,1565,1586,1.79e-06
WTTKWWTTTWKTNWTTTKTAW,1.1e-035,ENST00000361247.8,3318,3339,2.04e-06
WTTKWWTTTWKTNWTTTKTAW,1.1e-035,ENST00000392121.7,1476,1497,2.33e-06
WTTKWWTTTWKTNWTTTKTAW,1.1e-035,ENST00000379715.9,1030,1051,2.65e-06
WTTKWWTTTWKTNWTTTKTAW,1.1e-035,ENST00000369702.4,4010,4031,2.65e-06
WTTKWWTTTWKTNWTTTKTAW,1.1e-035,ENST00000373218.4,2488,2509,2.65e-06
WTTKWWTTTWKTNWTTTKTAW,1.1e-035,ENST00000284727.8,3597,3618,3.02e-06
WTTKWWTTTWKTNWTTTKTAW,1.1e-035,ENST00000379483.3,3387,3408,3.02e-06
WTTKWWTTTWKTNWTTTKTAW,1.1e-035,ENST00000328111.6,4185,4206,3.02e-06
WTTKWWTTTWKTNWTTTKTAW,1.1e-035,ENST00000373218.4,7136,7157,3.42e-06
WTTKWWTTTWKTNWTTTKTAW,1.1e-035,ENST00000379483.3,2859,2880,3.88e-06
WTTKWWTTTWKTNWTTTKTAW,1.1e-035,ENST00000489573.5,649,670,3.88e-06
WTTKWWTTTWKTNWTTTKTAW,1.1e-035,ENST00000373218.4,5390,5411,3.88e-06
WTTKWWTTTWKTNWTTTKTAW,1.1e-035,ENST00000379483.3,4425,4446,4.38e-06
WTTKWWTTTWKTNWTTTKTAW,1.1e-035,ENST00000379483.3,2668,2689,4.38e-06
WTTKWWTTTWKTNWTTTKTAW,1.1e-035,ENST00000264832.7,2451,2472,4.38e-06
WTTKWWTTTWKTNWTTTKTAW,1.1e-035,ENST00000379483.3,4677,4698,4.95e-06
WTTKWWTTTWKTNWTTTKTAW,1.1e-035,ENST00000369332.7,3854,3875,4.95e-06
WTTKWWTTTWKTNWTTTKTAW,1.1e-035,ENST00000399012.6,4325,4346,5.58e-06
WTTKWWTTTWKTNWTTTKTAW,1.1e-035,ENST00000374616.7,2522,2543,5.58e-06
WTTKWWTTTWKTNWTTTKTAW,1.1e-035,ENST00000489573.5,949,970,5.58e-06
WTTKWWTTTWKTNWTTTKTAW,1.1e-035,ENST00000328024.10,1584,1605,5.58e-06
WTTKWWTTTWKTNWTTTKTAW,1.1e-035,ENST00000369405.7,1803,1824,6.28e-06
WTTKWWTTTWKTNWTTTKTAW,1.1e-035,ENST00000266069.4,1305,1326,6.28e-06
WTTKWWTTTWKTNWTTTKTAW,1.1e-035,ENST00000614627.4,1845,1866,6.28e-06
WTTKWWTTTWKTNWTTTKTAW,1.1e-035,ENST00000440274.5,2268,2289,7.05e-06
WTTKWWTTTWKTNWTTTKTAW,1.1e-035,ENST00000422769.6,625,646,7.05e-06
WTTKWWTTTWKTNWTTTKTAW,1.1e-035,ENST00000392121.7,1803,1824,7.05e-06
WTTKWWTTTWKTNWTTTKTAW,1.1e-035,ENST00000284727.8,2221,2242,7.91e-06
WTTKWWTTTWKTNWTTTKTAW,1.1e-035,ENST00000354379.8,2712,2733,7.91e-06
WTTKWWTTTWKTNWTTTKTAW,1.1e-035,ENST00000379483.3,4364,4385,8.86e-06
WTTKWWTTTWKTNWTTTKTAW,1.1e-035,ENST00000422769.6,481,502,8.86e-06
WTTKWWTTTWKTNWTTTKTAW,1.1e-035,ENST00000373218.4,2305,2326,9.91e-06
WTTKWWTTTWKTNWTTTKTAW,1.1e-035,ENST00000369405.7,2102,2123,1.11e-05
WTTKWWTTTWKTNWTTTKTAW,1.1e-035,ENST00000407981.6,885,906,1.11e-05
WTTKWWTTTWKTNWTTTKTAW,1.1e-035,ENST00000373218.4,1045,1066,1.11e-05
WTTKWWTTTWKTNWTTTKTAW,1.1e-035,ENST00000296490.7,3099,3120,1.11e-05
WTTKWWTTTWKTNWTTTKTAW,1.1e-035,ENST00000266069.4,3395,3416,1.23e-05
WTTKWWTTTWKTNWTTTKTAW,1.1e-035,ENST00000407025.5,631,652,1.23e-05
WTTKWWTTTWKTNWTTTKTAW,1.1e-035,ENST00000495544.5,1029,1050,1.23e-05
WTTKWWTTTWKTNWTTTKTAW,1.1e-035,ENST00000367075.3,2629,2650,1.23e-05
WTTKWWTTTWKTNWTTTKTAW,1.1e-035,ENST00000284727.8,3714,3735,1.37e-05
WTTKWWTTTWKTNWTTTKTAW,1.1e-035,ENST00000284727.8,1741,1762,1.37e-05
WTTKWWTTTWKTNWTTTKTAW,1.1e-035,ENST00000407025.5,744,765,1.37e-05
WTTKWWTTTWKTNWTTTKTAW,1.1e-035,ENST00000495544.5,1478,1499,1.37e-05
WTTKWWTTTWKTNWTTTKTAW,1.1e-035,ENST00000373218.4,2276,2297,1.37e-05
WTTKWWTTTWKTNWTTTKTAW,1.1e-035,ENST00000266069.4,4156,4177,1.53e-05
WTTKWWTTTWKTNWTTTKTAW,1.1e-035,ENST00000396053.9,2527,2548,1.70e-05
WTTKWWTTTWKTNWTTTKTAW,1.1e-035,ENST00000393118.6,1993,2014,1.70e-05
WTTKWWTTTWKTNWTTTKTAW,1.1e-035,ENST00000221232.10,2841,2862,1.70e-05
WTTKWWTTTWKTNWTTTKTAW,1.1e-035,ENST00000392121.7,3381,3402,1.70e-05
WTTKWWTTTWKTNWTTTKTAW,1.1e-035,ENST00000373218.4,6131,6152,1.70e-05
WTTKWWTTTWKTNWTTTKTAW,1.1e-035,ENST00000367075.3,2800,2821,1.70e-05
WTTKWWTTTWKTNWTTTKTAW,1.1e-035,ENST00000296490.7,2486,2507,1.70e-05
WTTKWWTTTWKTNWTTTKTAW,1.1e-035,ENST00000379483.3,3068,3089,1.88e-05
WTTKWWTTTWKTNWTTTKTAW,1.1e-035,ENST00000369702.4,3240,3261,1.88e-05
WTTKWWTTTWKTNWTTTKTAW,1.1e-035,ENST00000407981.6,1679,1700,1.88e-05
WTTKWWTTTWKTNWTTTKTAW,1.1e-035,ENST00000399012.6,3109,3130,2.08e-05
WTTKWWTTTWKTNWTTTKTAW,1.1e-035,ENST00000353258.7,1557,1578,2.08e-05
WTTKWWTTTWKTNWTTTKTAW,1.1e-035,ENST00000407981.6,1623,1644,2.08e-05
WTTKWWTTTWKTNWTTTKTAW,1.1e-035,ENST00000354379.8,1719,1740,2.08e-05
WTTKWWTTTWKTNWTTTKTAW,1.1e-035,ENST00000374616.7,1243,1264,2.30e-05
WTTKWWTTTWKTNWTTTKTAW,1.1e-035,ENST00000422769.6,2720,2741,2.30e-05
WTTKWWTTTWKTNWTTTKTAW,1.1e-035,ENST00000466425.1,261,282,2.30e-05
WTTKWWTTTWKTNWTTTKTAW,1.1e-035,ENST00000614627.4,1709,1730,2.30e-05
WTTKWWTTTWKTNWTTTKTAW,1.1e-035,ENST00000527429.5,1233,1254,2.54e-05
WTTKWWTTTWKTNWTTTKTAW,1.1e-035,ENST00000296490.7,4055,4076,2.54e-05
WTTKWWTTTWKTNWTTTKTAW,1.1e-035,ENST00000399012.6,2630,2651,2.80e-05
WTTKWWTTTWKTNWTTTKTAW,1.1e-035,ENST00000422769.6,2086,2107,2.80e-05
WTTKWWTTTWKTNWTTTKTAW,1.1e-035,ENST00000296490.7,4204,4225,2.80e-05
WTTKWWTTTWKTNWTTTKTAW,1.1e-035,ENST00000393118.6,2720,2741,3.09e-05
WTTKWWTTTWKTNWTTTKTAW,1.1e-035,ENST00000563614.1,794,815,3.09e-05
WTTKWWTTTWKTNWTTTKTAW,1.1e-035,ENST00000369702.4,4171,4192,3.09e-05
WTTKWWTTTWKTNWTTTKTAW,1.1e-035,ENST00000390015.7,3245,3266,3.39e-05
WTTKWWTTTWKTNWTTTKTAW,1.1e-035,ENST00000393118.6,2861,2882,3.39e-05
WTTKWWTTTWKTNWTTTKTAW,1.1e-035,ENST00000451301.5,1222,1243,3.39e-05
WTTKWWTTTWKTNWTTTKTAW,1.1e-035,ENST00000369702.4,3448,3469,3.39e-05
WTTKWWTTTWKTNWTTTKTAW,1.1e-035,ENST00000614627.4,3805,3826,3.39e-05
WTTKWWTTTWKTNWTTTKTAW,1.1e-035,ENST00000219204.7,2066,2087,3.73e-05
WTTKWWTTTWKTNWTTTKTAW,1.1e-035,ENST00000261947.4,1004,1025,4.09e-05
WTTKWWTTTWKTNWTTTKTAW,1.1e-035,ENST00000614627.4,1105,1126,4.09e-05
WTTKWWTTTWKTNWTTTKTAW,1.1e-035,ENST00000369332.7,3404,3425,4.49e-05
WTTKWWTTTWKTNWTTTKTAW,1.1e-035,ENST00000328111.6,3421,3442,4.91e-05
WTTKWWTTTWKTNWTTTKTAW,1.1e-035,ENST00000369332.7,3804,3825,4.91e-05
WTTKWWTTTWKTNWTTTKTAW,1.1e-035,ENST00000284727.8,1672,1693,5.37e-05
WTTKWWTTTWKTNWTTTKTAW,1.1e-035,ENST00000393118.6,3187,3208,5.37e-05
WTTKWWTTTWKTNWTTTKTAW,1.1e-035,ENST00000393118.6,2039,2060,5.37e-05
WTTKWWTTTWKTNWTTTKTAW,1.1e-035,ENST00000489573.5,1241,1262,5.37e-05
WTTKWWTTTWKTNWTTTKTAW,1.1e-035,ENST00000369405.7,2039,2060,5.86e-05
WTTKWWTTTWKTNWTTTKTAW,1.1e-035,ENST00000266069.4,4191,4212,5.86e-05
WTTKWWTTTWKTNWTTTKTAW,1.1e-035,ENST00000369332.7,4524,4545,5.86e-05
WTTKWWTTTWKTNWTTTKTAW,1.1e-035,ENST00000440274.5,1664,1685,5.86e-05
WTTKWWTTTWKTNWTTTKTAW,1.1e-035,ENST00000563898.5,1316,1337,5.86e-05
WTTKWWTTTWKTNWTTTKTAW,1.1e-035,ENST00000009180.9,964,985,5.86e-05
WTTKWWTTTWKTNWTTTKTAW,1.1e-035,ENST00000393118.6,1970,1991,6.40e-05
WTTKWWTTTWKTNWTTTKTAW,1.1e-035,ENST00000379483.3,3558,3579,6.40e-05
WTTKWWTTTWKTNWTTTKTAW,1.1e-035,ENST00000369702.4,1365,1386,6.40e-05
WTTKWWTTTWKTNWTTTKTAW,1.1e-035,ENST00000440274.5,2304,2325,6.40e-05
WTTKWWTTTWKTNWTTTKTAW,1.1e-035,ENST00000399012.6,2368,2389,6.97e-05
WTTKWWTTTWKTNWTTTKTAW,1.1e-035,ENST00000393118.6,2651,2672,6.97e-05
WTTKWWTTTWKTNWTTTKTAW,1.1e-035,ENST00000369332.7,3021,3042,6.97e-05
WTTKWWTTTWKTNWTTTKTAW,1.1e-035,ENST00000241704.7,4717,4738,6.97e-05
WTTKWWTTTWKTNWTTTKTAW,1.1e-035,ENST00000369332.7,4328,4349,7.59e-05
WTTKWWTTTWKTNWTTTKTAW,1.1e-035,ENST00000369332.7,3444,3465,7.59e-05
WTTKWWTTTWKTNWTTTKTAW,1.1e-035,ENST00000614627.4,3703,3724,7.59e-05
WTTKWWTTTWKTNWTTTKTAW,1.1e-035,ENST00000390015.7,3512,3533,8.25e-05
WTTKWWTTTWKTNWTTTKTAW,1.1e-035,ENST00000369405.7,1701,1722,8.25e-05
WTTKWWTTTWKTNWTTTKTAW,1.1e-035,ENST00000393118.6,3872,3893,8.96e-05
WTTKWWTTTWKTNWTTTKTAW,1.1e-035,ENST00000353258.7,2577,2598,9.72e-05
WTTKWWTTTWKTNWTTTKTAW,1.1e-035,ENST00000392121.7,680,701,9.72e-05
WTTKWWTTTWKTNWTTTKTAW,1.1e-035,ENST00000644386.1,208,229,1.05e-04
WTTKWWTTTWKTNWTTTKTAW,1.1e-035,ENST00000369332.7,2655,2676,1.05e-04
WTTKWWTTTWKTNWTTTKTAW,1.1e-035,ENST00000523430.5,1776,1797,1.14e-04
WTTKWWTTTWKTNWTTTKTAW,1.1e-035,ENST00000296490.7,3237,3258,1.44e-04
WTTKWWTTTWKTNWTTTKTAW,1.1e-035,ENST00000451301.5,1481,1502,1.67e-04
WTTKWWTTTWKTNWTTTKTAW,1.1e-035,ENST00000261813.8,1257,1278,1.67e-04
WTTKWWTTTWKTNWTTTKTAW,1.1e-035,ENST00000284727.8,734,755,1.94e-04
WTTKWWTTTWKTNWTTTKTAW,1.1e-035,ENST00000584164.6,619,640,2.23e-04
WTTKWWTTTWKTNWTTTKTAW,1.1e-035,ENST00000473164.1,916,937,2.74e-04
WTTKWWTTTWKTNWTTTKTAW,1.1e-035,ENST00000284727.8,4652,4673,4.31e-04
GAGGCRGAGGTTGCRGTRAGCYRAGATCGTGCCAYTGCACTCCAGCCTGG,4.0e-024,ENST00000296490.7,3681,3731,2.54e-27
GAGGCRGAGGTTGCRGTRAGCYRAGATCGTGCCAYTGCACTCCAGCCTGG,4.0e-024,ENST00000470826.5,2182,2232,6.37e-27
GAGGCRGAGGTTGCRGTRAGCYRAGATCGTGCCAYTGCACTCCAGCCTGG,4.0e-024,ENST00000489678.1,2919,2969,7.31e-27
GAGGCRGAGGTTGCRGTRAGCYRAGATCGTGCCAYTGCACTCCAGCCTGG,4.0e-024,ENST00000424390.1,213,263,1.13e-25
GAGGCRGAGGTTGCRGTRAGCYRAGATCGTGCCAYTGCACTCCAGCCTGG,4.0e-024,ENST00000599719.5,306,356,1.36e-25
SVRGCWGMDGVAGVAGGAGSWGRAGVRGG,2.7e-021,ENST00000368706.8,882,911,3.75e-12
SVRGCWGMDGVAGVAGGAGSWGRAGVRGG,2.7e-021,ENST00000290216.13,1263,1292,1.41e-10
SVRGCWGMDGVAGVAGGAGSWGRAGVRGG,2.7e-021,ENST00000393118.6,1172,1201,1.02e-09
SVRGCWGMDGVAGVAGGAGSWGRAGVRGG,2.7e-021,ENST00000367075.3,1285,1314,2.32e-09
SVRGCWGMDGVAGVAGGAGSWGRAGVRGG,2.7e-021,ENST00000391857.8,64,93,3.18e-09
SVRGCWGMDGVAGVAGGAGSWGRAGVRGG,2.7e-021,ENST00000469867.1,297,326,4.34e-09
SVRGCWGMDGVAGVAGGAGSWGRAGVRGG,2.7e-021,ENST00000489678.1,1825,1854,6.85e-09
SVRGCWGMDGVAGVAGGAGSWGRAGVRGG,2.7e-021,ENST00000489678.1,2381,2410,7.95e-09
SVRGCWGMDGVAGVAGGAGSWGRAGVRGG,2.7e-021,ENST00000379483.3,1253,1282,1.89e-08
SVRGCWGMDGVAGVAGGAGSWGRAGVRGG,2.7e-021,ENST00000290216.13,1224,1253,2.17e-08
SVRGCWGMDGVAGVAGGAGSWGRAGVRGG,2.7e-021,ENST00000367075.3,1108,1137,2.49e-08
SVRGCWGMDGVAGVAGGAGSWGRAGVRGG,2.7e-021,ENST00000296490.7,118,147,2.49e-08
SVRGCWGMDGVAGVAGGAGSWGRAGVRGG,2.7e-021,ENST00000407025.5,446,475,3.28e-08
SVRGCWGMDGVAGVAGGAGSWGRAGVRGG,2.7e-021,ENST00000449376.5,1865,1894,3.75e-08
SVRGCWGMDGVAGVAGGAGSWGRAGVRGG,2.7e-021,ENST00000449376.5,510,539,3.75e-08
SVRGCWGMDGVAGVAGGAGSWGRAGVRGG,2.7e-021,ENST00000407025.5,375,404,4.89e-08
SVRGCWGMDGVAGVAGGAGSWGRAGVRGG,2.7e-021,ENST00000331821.7,327,356,5.57e-08
SVRGCWGMDGVAGVAGGAGSWGRAGVRGG,2.7e-021,ENST00000367075.3,1372,1401,6.35e-08
SVRGCWGMDGVAGVAGGAGSWGRAGVRGG,2.7e-021,ENST00000368706.8,431,460,9.30e-08
SVRGCWGMDGVAGVAGGAGSWGRAGVRGG,2.7e-021,ENST00000257966.12,1250,1279,1.19e-07
SVRGCWGMDGVAGVAGGAGSWGRAGVRGG,2.7e-021,ENST00000361247.8,160,189,1.19e-07
SVRGCWGMDGVAGVAGGAGSWGRAGVRGG,2.7e-021,ENST00000375469.5,405,434,1.53e-07
SVRGCWGMDGVAGVAGGAGSWGRAGVRGG,2.7e-021,ENST00000281938.6,43,72,1.53e-07
SVRGCWGMDGVAGVAGGAGSWGRAGVRGG,2.7e-021,ENST00000599719.5,438,467,1.72e-07
SVRGCWGMDGVAGVAGGAGSWGRAGVRGG,2.7e-021,ENST00000393118.6,1247,1276,1.94e-07
SVRGCWGMDGVAGVAGGAGSWGRAGVRGG,2.7e-021,ENST00000495544.5,770,799,2.19e-07
SVRGCWGMDGVAGVAGGAGSWGRAGVRGG,2.7e-021,ENST00000361247.8,781,810,2.46e-07
SVRGCWGMDGVAGVAGGAGSWGRAGVRGG,2.7e-021,ENST00000257966.12,1763,1792,3.11e-07
SVRGCWGMDGVAGVAGGAGSWGRAGVRGG,2.7e-021,ENST00000449376.5,1496,1525,3.49e-07
SVRGCWGMDGVAGVAGGAGSWGRAGVRGG,2.7e-021,ENST00000473164.1,652,681,3.91e-07
SVRGCWGMDGVAGVAGGAGSWGRAGVRGG,2.7e-021,ENST00000266069.4,750,779,3.91e-07
SVRGCWGMDGVAGVAGGAGSWGRAGVRGG,2.7e-021,ENST00000331821.7,675,704,3.91e-07
SVRGCWGMDGVAGVAGGAGSWGRAGVRGG,2.7e-021,ENST00000391857.8,601,630,4.38e-07
SVRGCWGMDGVAGVAGGAGSWGRAGVRGG,2.7e-021,ENST00000246957.9,1283,1312,4.89e-07
SVRGCWGMDGVAGVAGGAGSWGRAGVRGG,2.7e-021,ENST00000368706.8,130,159,4.89e-07
SVRGCWGMDGVAGVAGGAGSWGRAGVRGG,2.7e-021,ENST00000449376.5,1607,1636,5.47e-07
SVRGCWGMDGVAGVAGGAGSWGRAGVRGG,2.7e-021,ENST00000393118.6,761,790,6.11e-07
SVRGCWGMDGVAGVAGGAGSWGRAGVRGG,2.7e-021,ENST00000368706.8,275,304,6.81e-07
SVRGCWGMDGVAGVAGGAGSWGRAGVRGG,2.7e-021,ENST00000367075.3,1537,1566,6.81e-07
SVRGCWGMDGVAGVAGGAGSWGRAGVRGG,2.7e-021,ENST00000431824.2,783,812,7.59e-07
SVRGCWGMDGVAGVAGGAGSWGRAGVRGG,2.7e-021,ENST00000257966.12,1205,1234,9.41e-07
SVRGCWGMDGVAGVAGGAGSWGRAGVRGG,2.7e-021,ENST00000261813.8,54,83,9.41e-07
SVRGCWGMDGVAGVAGGAGSWGRAGVRGG,2.7e-021,ENST00000361247.8,2611,2640,9.41e-07
SVRGCWGMDGVAGVAGGAGSWGRAGVRGG,2.7e-021,ENST00000374616.7,424,453,1.05e-06
SVRGCWGMDGVAGVAGGAGSWGRAGVRGG,2.7e-021,ENST00000296490.7,708,737,1.05e-06
SVRGCWGMDGVAGVAGGAGSWGRAGVRGG,2.7e-021,ENST00000354379.8,1563,1592,1.16e-06
SVRGCWGMDGVAGVAGGAGSWGRAGVRGG,2.7e-021,ENST00000379483.3,227,256,1.29e-06
SVRGCWGMDGVAGVAGGAGSWGRAGVRGG,2.7e-021,ENST00000264832.7,769,798,1.43e-06
SVRGCWGMDGVAGVAGGAGSWGRAGVRGG,2.7e-021,ENST00000248121.6,65,94,1.43e-06
SVRGCWGMDGVAGVAGGAGSWGRAGVRGG,2.7e-021,ENST00000407025.5,695,724,1.58e-06
SVRGCWGMDGVAGVAGGAGSWGRAGVRGG,2.7e-021,ENST00000591753.1,1571,1600,1.75e-06
SVRGCWGMDGVAGVAGGAGSWGRAGVRGG,2.7e-021,ENST00000393118.6,1214,1243,1.94e-06
SVRGCWGMDGVAGVAGGAGSWGRAGVRGG,2.7e-021,ENST00000345046.11,1015,1044,2.14e-06
SVRGCWGMDGVAGVAGGAGSWGRAGVRGG,2.7e-021,ENST00000264832.7,2920,2949,2.87e-06
SVRGCWGMDGVAGVAGGAGSWGRAGVRGG,2.7e-021,ENST00000370151.8,595,624,3.16e-06
SVRGCWGMDGVAGVAGGAGSWGRAGVRGG,2.7e-021,ENST00000264832.7,109,138,3.48e-06
SVRGCWGMDGVAGVAGGAGSWGRAGVRGG,2.7e-021,ENST00000361247.8,2518,2547,3.48e-06
SVRGCWGMDGVAGVAGGAGSWGRAGVRGG,2.7e-021,ENST00000495544.5,188,217,3.48e-06
SVRGCWGMDGVAGVAGGAGSWGRAGVRGG,2.7e-021,ENST00000489678.1,1867,1896,3.82e-06
SVRGCWGMDGVAGVAGGAGSWGRAGVRGG,2.7e-021,ENST00000296490.7,2967,2996,4.20e-06
SVRGCWGMDGVAGVAGGAGSWGRAGVRGG,2.7e-021,ENST00000266069.4,528,557,4.61e-06
SVRGCWGMDGVAGVAGGAGSWGRAGVRGG,2.7e-021,ENST00000591753.1,1838,1867,5.06e-06
SVRGCWGMDGVAGVAGGAGSWGRAGVRGG,2.7e-021,ENST00000221232.10,1747,1776,5.06e-06
SVRGCWGMDGVAGVAGGAGSWGRAGVRGG,2.7e-021,ENST00000369332.7,255,284,5.06e-06
SVRGCWGMDGVAGVAGGAGSWGRAGVRGG,2.7e-021,ENST00000431824.2,1257,1286,5.55e-06
SVRGCWGMDGVAGVAGGAGSWGRAGVRGG,2.7e-021,ENST00000466425.1,338,367,5.55e-06
SVRGCWGMDGVAGVAGGAGSWGRAGVRGG,2.7e-021,ENST00000524832.5,244,273,6.07e-06
SVRGCWGMDGVAGVAGGAGSWGRAGVRGG,2.7e-021,ENST00000489573.5,1,30,6.07e-06
SVRGCWGMDGVAGVAGGAGSWGRAGVRGG,2.7e-021,ENST00000591753.1,1030,1059,7.27e-06
SVRGCWGMDGVAGVAGGAGSWGRAGVRGG,2.7e-021,ENST00000266069.4,486,515,7.27e-06
SVRGCWGMDGVAGVAGGAGSWGRAGVRGG,2.7e-021,ENST00000354379.8,529,558,7.27e-06
SVRGCWGMDGVAGVAGGAGSWGRAGVRGG,2.7e-021,ENST00000221232.10,780,809,7.95e-06
SVRGCWGMDGVAGVAGGAGSWGRAGVRGG,2.7e-021,ENST00000614627.4,949,978,9.47e-06
SVRGCWGMDGVAGVAGGAGSWGRAGVRGG,2.7e-021,ENST00000369702.4,212,241,1.03e-05
SVRGCWGMDGVAGVAGGAGSWGRAGVRGG,2.7e-021,ENST00000361247.8,1915,1944,1.13e-05
SVRGCWGMDGVAGVAGGAGSWGRAGVRGG,2.7e-021,ENST00000290216.13,426,455,1.23e-05
SVRGCWGMDGVAGVAGGAGSWGRAGVRGG,2.7e-021,ENST00000390015.7,72,101,1.33e-05
SVRGCWGMDGVAGVAGGAGSWGRAGVRGG,2.7e-021,ENST00000345046.11,325,354,1.45e-05
SVRGCWGMDGVAGVAGGAGSWGRAGVRGG,2.7e-021,ENST00000334815.4,955,984,2.01e-05
SVRGCWGMDGVAGVAGGAGSWGRAGVRGG,2.7e-021,ENST00000390015.7,2169,2198,2.36e-05
SVRGCWGMDGVAGVAGGAGSWGRAGVRGG,2.7e-021,ENST00000367075.3,1834,1863,2.99e-05
SVRGCWGMDGVAGVAGGAGSWGRAGVRGG,2.7e-021,ENST00000328024.10,503,532,3.23e-05
SVRGCWGMDGVAGVAGGAGSWGRAGVRGG,2.7e-021,ENST00000369702.4,158,187,7.73e-05
SVRGCWGMDGVAGVAGGAGSWGRAGVRGG,2.7e-021,ENST00000009180.9,766,795,7.73e-05
SVRGCWGMDGVAGVAGGAGSWGRAGVRGG,2.7e-021,ENST00000367075.3,139,168,8.87e-05
KYCYYCCWCCTCHGYCTCCHG,1.5e-021,ENST00000264832.7,3103,3124,6.52e-12
KYCYYCCWCCTCHGYCTCCHG,1.5e-021,ENST00000392121.7,1554,1575,2.63e-11
KYCYYCCWCCTCHGYCTCCHG,1.5e-021,ENST00000449376.5,312,333,7.13e-10
KYCYYCCWCCTCHGYCTCCHG,1.5e-021,ENST00000399012.6,2062,2083,7.13e-10
KYCYYCCWCCTCHGYCTCCHG,1.5e-021,ENST00000395176.2,1588,1609,7.13e-10
KYCYYCCWCCTCHGYCTCCHG,1.5e-021,ENST00000368706.8,532,553,1.34e-09
KYCYYCCWCCTCHGYCTCCHG,1.5e-021,ENST00000396053.9,2602,2623,1.64e-09
KYCYYCCWCCTCHGYCTCCHG,1.5e-021,ENST00000399012.6,4433,4454,2.00e-09
KYCYYCCWCCTCHGYCTCCHG,1.5e-021,ENST00000345046.11,1204,1225,2.00e-09
KYCYYCCWCCTCHGYCTCCHG,1.5e-021,ENST00000599719.5,635,656,2.43e-09
KYCYYCCWCCTCHGYCTCCHG,1.5e-021,ENST00000489573.5,477,498,2.94e-09
KYCYYCCWCCTCHGYCTCCHG,1.5e-021,ENST00000399012.6,2743,2764,5.10e-09
KYCYYCCWCCTCHGYCTCCHG,1.5e-021,ENST00000328024.10,1383,1404,5.10e-09
KYCYYCCWCCTCHGYCTCCHG,1.5e-021,ENST00000373218.4,5156,5177,1.42e-08
KYCYYCCWCCTCHGYCTCCHG,1.5e-021,ENST00000399012.6,4613,4634,1.67e-08
KYCYYCCWCCTCHGYCTCCHG,1.5e-021,ENST00000396053.9,1660,1681,1.95e-08
KYCYYCCWCCTCHGYCTCCHG,1.5e-021,ENST00000399012.6,3483,3504,4.17e-08
KYCYYCCWCCTCHGYCTCCHG,1.5e-021,ENST00000399012.6,3050,3071,4.17e-08
KYCYYCCWCCTCHGYCTCCHG,1.5e-021,ENST00000399012.6,3185,3206,7.37e-08
KYCYYCCWCCTCHGYCTCCHG,1.5e-021,ENST00000328024.10,1487,1508,9.69e-08
KYCYYCCWCCTCHGYCTCCHG,1.5e-021,ENST00000390015.7,2498,2519,1.64e-07
KYCYYCCWCCTCHGYCTCCHG,1.5e-021,ENST00000369702.4,408,429,1.86e-07
KYCYYCCWCCTCHGYCTCCHG,1.5e-021,ENST00000470826.5,1582,1603,2.11e-07
KYCYYCCWCCTCHGYCTCCHG,1.5e-021,ENST00000489678.1,2045,2066,3.05e-07
KYCYYCCWCCTCHGYCTCCHG,1.5e-021,ENST00000328024.10,932,953,3.05e-07
KYCYYCCWCCTCHGYCTCCHG,1.5e-021,ENST00000281938.6,741,762,3.43e-07
KYCYYCCWCCTCHGYCTCCHG,1.5e-021,ENST00000399012.6,3318,3339,4.87e-07
KYCYYCCWCCTCHGYCTCCHG,1.5e-021,ENST00000470826.5,1773,1794,6.11e-07
KYCYYCCWCCTCHGYCTCCHG,1.5e-021,ENST00000266069.4,2390,2411,6.11e-07
KYCYYCCWCCTCHGYCTCCHG,1.5e-021,ENST00000219204.7,303,324,7.62e-07
KYCYYCCWCCTCHGYCTCCHG,1.5e-021,ENST00000294360.4,604,625,7.62e-07
KYCYYCCWCCTCHGYCTCCHG,1.5e-021,ENST00000527429.5,73,94,8.49e-07
KYCYYCCWCCTCHGYCTCCHG,1.5e-021,ENST00000369702.4,468,489,8.49e-07
KYCYYCCWCCTCHGYCTCCHG,1.5e-021,ENST00000328024.10,1426,1447,1.05e-06
KYCYYCCWCCTCHGYCTCCHG,1.5e-021,ENST00000367075.3,2442,2463,1.17e-06
KYCYYCCWCCTCHGYCTCCHG,1.5e-021,ENST00000345046.11,794,815,1.43e-06
KYCYYCCWCCTCHGYCTCCHG,1.5e-021,ENST00000476309.5,598,619,1.59e-06
KYCYYCCWCCTCHGYCTCCHG,1.5e-021,ENST00000614627.4,589,610,1.59e-06
KYCYYCCWCCTCHGYCTCCHG,1.5e-021,ENST00000375469.5,325,346,1.75e-06
KYCYYCCWCCTCHGYCTCCHG,1.5e-021,ENST00000261813.8,435,456,1.75e-06
KYCYYCCWCCTCHGYCTCCHG,1.5e-021,ENST00000372422.6,916,937,1.94e-06
KYCYYCCWCCTCHGYCTCCHG,1.5e-021,ENST00000368706.8,567,588,1.94e-06
KYCYYCCWCCTCHGYCTCCHG,1.5e-021,ENST00000372422.6,6,27,2.59e-06
KYCYYCCWCCTCHGYCTCCHG,1.5e-021,ENST00000369702.4,551,572,3.43e-06
KYCYYCCWCCTCHGYCTCCHG,1.5e-021,ENST00000392121.7,2556,2577,3.76e-06
KYCYYCCWCCTCHGYCTCCHG,1.5e-021,ENST00000248121.6,621,642,4.50e-06
KYCYYCCWCCTCHGYCTCCHG,1.5e-021,ENST00000281938.6,1915,1936,4.50e-06
KYCYYCCWCCTCHGYCTCCHG,1.5e-021,ENST00000221232.10,219,240,5.37e-06
KYCYYCCWCCTCHGYCTCCHG,1.5e-021,ENST00000296490.7,261,282,5.37e-06
KYCYYCCWCCTCHGYCTCCHG,1.5e-021,ENST00000390015.7,3271,3292,6.94e-06
KYCYYCCWCCTCHGYCTCCHG,1.5e-021,ENST00000345046.11,1345,1366,6.94e-06
KYCYYCCWCCTCHGYCTCCHG,1.5e-021,ENST00000585981.5,5,26,6.94e-06
KYCYYCCWCCTCHGYCTCCHG,1.5e-021,ENST00000316425.9,141,162,8.89e-06
KYCYYCCWCCTCHGYCTCCHG,1.5e-021,ENST00000354379.8,28,49,8.89e-06
KYCYYCCWCCTCHGYCTCCHG,1.5e-021,ENST00000614627.4,456,477,1.05e-05
KYCYYCCWCCTCHGYCTCCHG,1.5e-021,ENST00000373218.4,1017,1038,1.13e-05
KYCYYCCWCCTCHGYCTCCHG,1.5e-021,ENST00000470826.5,389,410,1.22e-05
KYCYYCCWCCTCHGYCTCCHG,1.5e-021,ENST00000390015.7,1252,1273,1.43e-05
KYCYYCCWCCTCHGYCTCCHG,1.5e-021,ENST00000373218.4,1877,1898,1.43e-05
KYCYYCCWCCTCHGYCTCCHG,1.5e-021,ENST00000390015.7,2254,2275,1.54e-05
KYCYYCCWCCTCHGYCTCCHG,1.5e-021,ENST00000399012.6,5185,5206,1.54e-05
KYCYYCCWCCTCHGYCTCCHG,1.5e-021,ENST00000264832.7,680,701,1.79e-05
KYCYYCCWCCTCHGYCTCCHG,1.5e-021,ENST00000614627.4,488,509,1.79e-05
KYCYYCCWCCTCHGYCTCCHG,1.5e-021,ENST00000290216.13,132,153,1.79e-05
KYCYYCCWCCTCHGYCTCCHG,1.5e-021,ENST00000241704.7,993,1014,2.07e-05
KYCYYCCWCCTCHGYCTCCHG,1.5e-021,ENST00000591753.1,59,80,2.22e-05
KYCYYCCWCCTCHGYCTCCHG,1.5e-021,ENST00000221232.10,1107,1128,2.22e-05
KYCYYCCWCCTCHGYCTCCHG,1.5e-021,ENST00000372422.6,1260,1281,2.39e-05
KYCYYCCWCCTCHGYCTCCHG,1.5e-021,ENST00000614627.4,2085,2106,2.56e-05
KYCYYCCWCCTCHGYCTCCHG,1.5e-021,ENST00000353258.7,2534,2555,3.60e-05
KYCYYCCWCCTCHGYCTCCHG,1.5e-021,ENST00000563749.1,739,760,3.60e-05
KYCYYCCWCCTCHGYCTCCHG,1.5e-021,ENST00000399012.6,3974,3995,4.66e-05
KYCYYCCWCCTCHGYCTCCHG,1.5e-021,ENST00000353258.7,105,126,5.98e-05
KYCYYCCWCCTCHGYCTCCHG,1.5e-021,ENST00000585981.5,67,88,6.74e-05
CGCTCTGTYGCCCAGGCTGGAGTGCAGTGGYGCRATCTYRGCTCACTG,1.2e-014,ENST00000395176.2,1513,1561,5.46e-29
CGCTCTGTYGCCCAGGCTGGAGTGCAGTGGYGCRATCTYRGCTCACTG,1.2e-014,ENST00000449376.5,237,285,2.27e-27
CGCTCTGTYGCCCAGGCTGGAGTGCAGTGGYGCRATCTYRGCTCACTG,1.2e-014,ENST00000399012.6,3590,3638,1.38e-26
CGCTCTGTYGCCCAGGCTGGAGTGCAGTGGYGCRATCTYRGCTCACTG,1.2e-014,ENST00000284727.8,989,1037,2.60e-25
CGCTCTGTYGCCCAGGCTGGAGTGCAGTGGYGCRATCTYRGCTCACTG,1.2e-014,ENST00000264832.7,3028,3076,3.14e-25
CGCTCTGTYGCCCAGGCTGGAGTGCAGTGGYGCRATCTYRGCTCACTG,1.2e-014,ENST00000396053.9,2389,2437,7.23e-24
CGCTCTGTYGCCCAGGCTGGAGTGCAGTGGYGCRATCTYRGCTCACTG,1.2e-014,ENST00000376156.7,1364,1412,4.47e-22
CGCTCTGTYGCCCAGGCTGGAGTGCAGTGGYGCRATCTYRGCTCACTG,1.2e-014,ENST00000396053.9,1596,1644,4.29e-19
GAGACCAGCCTGRCCAACATGGTGAAACC,2.1e-006,ENST00000599719.5,177,206,3.61e-18
GAGACCAGCCTGRCCAACATGGTGAAACC,2.1e-006,ENST00000399012.6,1786,1815,7.16e-18
GAGACCAGCCTGRCCAACATGGTGAAACC,2.1e-006,ENST00000470826.5,2053,2082,5.75e-17
GAGACCAGCCTGRCCAACATGGTGAAACC,2.1e-006,ENST00000296490.7,3553,3582,1.07e-16
GAGACCAGCCTGRCCAACATGGTGAAACC,2.1e-006,ENST00000424390.1,84,113,4.33e-16
GAGACCAGCCTGRCCAACATGGTGAAACC,2.1e-006,ENST00000399012.6,1490,1519,7.54e-16
GAGACCAGCCTGRCCAACATGGTGAAACC,2.1e-006,ENST00000489678.1,2789,2818,2.98e-13
AGDWSRAAGANAMAGARAABA,9.7e-003,ENST00000489573.5,1386,1407,5.12e-09
AGDWSRAAGANAMAGARAABA,9.7e-003,ENST00000470826.5,559,580,7.55e-09
AGDWSRAAGANAMAGARAABA,9.7e-003,ENST00000219204.7,422,443,1.56e-08
AGDWSRAAGANAMAGARAABA,9.7e-003,ENST00000376156.7,1643,1664,5.84e-08
AGDWSRAAGANAMAGARAABA,9.7e-003,ENST00000331821.7,584,605,9.20e-08
AGDWSRAAGANAMAGARAABA,9.7e-003,ENST00000405362.1,887,908,1.07e-07
AGDWSRAAGANAMAGARAABA,9.7e-003,ENST00000563614.1,156,177,1.42e-07
AGDWSRAAGANAMAGARAABA,9.7e-003,ENST00000369405.7,1335,1356,2.15e-07
AGDWSRAAGANAMAGARAABA,9.7e-003,ENST00000469867.1,1792,1813,3.21e-07
AGDWSRAAGANAMAGARAABA,9.7e-003,ENST00000489573.5,1102,1123,3.21e-07
AGDWSRAAGANAMAGARAABA,9.7e-003,ENST00000354379.8,776,797,4.71e-07
AGDWSRAAGANAMAGARAABA,9.7e-003,ENST00000391857.8,1081,1102,6.04e-07
AGDWSRAAGANAMAGARAABA,9.7e-003,ENST00000393118.6,1021,1042,6.82e-07
AGDWSRAAGANAMAGARAABA,9.7e-003,ENST00000391857.8,552,573,7.69e-07
AGDWSRAAGANAMAGARAABA,9.7e-003,ENST00000460513.5,448,469,8.67e-07
AGDWSRAAGANAMAGARAABA,9.7e-003,ENST00000396053.9,1839,1860,9.74e-07
AGDWSRAAGANAMAGARAABA,9.7e-003,ENST00000257966.12,412,433,1.09e-06
AGDWSRAAGANAMAGARAABA,9.7e-003,ENST00000563614.1,16,37,1.09e-06
AGDWSRAAGANAMAGARAABA,9.7e-003,ENST00000523430.5,615,636,1.23e-06
AGDWSRAAGANAMAGARAABA,9.7e-003,ENST00000219204.7,486,507,1.37e-06
AGDWSRAAGANAMAGARAABA,9.7e-003,ENST00000469867.1,1433,1454,1.54e-06
AGDWSRAAGANAMAGARAABA,9.7e-003,ENST00000219204.7,1912,1933,1.54e-06
AGDWSRAAGANAMAGARAABA,9.7e-003,ENST00000409896.1,512,533,1.72e-06
AGDWSRAAGANAMAGARAABA,9.7e-003,ENST00000374616.7,150,171,1.91e-06
AGDWSRAAGANAMAGARAABA,9.7e-003,ENST00000369702.4,2242,2263,1.91e-06
AGDWSRAAGANAMAGARAABA,9.7e-003,ENST00000558205.5,809,830,2.13e-06
AGDWSRAAGANAMAGARAABA,9.7e-003,ENST00000563614.1,1710,1731,2.13e-06
AGDWSRAAGANAMAGARAABA,9.7e-003,ENST00000644386.1,729,750,2.37e-06
AGDWSRAAGANAMAGARAABA,9.7e-003,ENST00000407981.6,411,432,2.64e-06
AGDWSRAAGANAMAGARAABA,9.7e-003,ENST00000409896.1,428,449,2.64e-06
AGDWSRAAGANAMAGARAABA,9.7e-003,ENST00000470826.5,1869,1890,2.92e-06
AGDWSRAAGANAMAGARAABA,9.7e-003,ENST00000644386.1,483,504,2.92e-06
AGDWSRAAGANAMAGARAABA,9.7e-003,ENST00000469867.1,1161,1182,3.59e-06
AGDWSRAAGANAMAGARAABA,9.7e-003,ENST00000354379.8,903,924,3.59e-06
AGDWSRAAGANAMAGARAABA,9.7e-003,ENST00000468120.5,122,143,3.97e-06
AGDWSRAAGANAMAGARAABA,9.7e-003,ENST00000462901.5,463,484,3.97e-06
AGDWSRAAGANAMAGARAABA,9.7e-003,ENST00000468120.5,225,246,4.39e-06
AGDWSRAAGANAMAGARAABA,9.7e-003,ENST00000246957.9,1642,1663,4.84e-06
AGDWSRAAGANAMAGARAABA,9.7e-003,ENST00000294360.4,302,323,4.84e-06
AGDWSRAAGANAMAGARAABA,9.7e-003,ENST00000407981.6,1130,1151,4.84e-06
AGDWSRAAGANAMAGARAABA,9.7e-003,ENST00000407981.6,959,980,5.88e-06
AGDWSRAAGANAMAGARAABA,9.7e-003,ENST00000372422.6,1283,1304,5.88e-06
AGDWSRAAGANAMAGARAABA,9.7e-003,ENST00000281938.6,2087,2108,6.47e-06
AGDWSRAAGANAMAGARAABA,9.7e-003,ENST00000334815.4,1596,1617,7.80e-06
AGDWSRAAGANAMAGARAABA,9.7e-003,ENST00000589713.1,407,428,8.55e-06
AGDWSRAAGANAMAGARAABA,9.7e-003,ENST00000451301.5,1376,1397,1.34e-05
AGDWSRAAGANAMAGARAABA,9.7e-003,ENST00000369702.4,2662,2683,1.34e-05
AGDWSRAAGANAMAGARAABA,9.7e-003,ENST00000373218.4,3681,3702,1.34e-05
AGDWSRAAGANAMAGARAABA,9.7e-003,ENST00000409896.1,1046,1067,1.46e-05
AGDWSRAAGANAMAGARAABA,9.7e-003,ENST00000489573.5,1305,1326,1.73e-05
AGDWSRAAGANAMAGARAABA,9.7e-003,ENST00000424390.1,549,570,1.73e-05
AGDWSRAAGANAMAGARAABA,9.7e-003,ENST00000422769.6,202,223,1.88e-05
AGDWSRAAGANAMAGARAABA,9.7e-003,ENST00000393118.6,1289,1310,2.04e-05
AGDWSRAAGANAMAGARAABA,9.7e-003,ENST00000493226.1,241,262,2.04e-05
AGDWSRAAGANAMAGARAABA,9.7e-003,ENST00000469867.1,2249,2270,2.21e-05
AGDWSRAAGANAMAGARAABA,9.7e-003,ENST00000294360.4,963,984,2.21e-05
AGDWSRAAGANAMAGARAABA,9.7e-003,ENST00000390015.7,689,710,2.40e-05
AGDWSRAAGANAMAGARAABA,9.7e-003,ENST00000009180.9,1165,1186,2.40e-05
AGDWSRAAGANAMAGARAABA,9.7e-003,ENST00000409896.1,482,503,3.54e-05
AGDWSRAAGANAMAGARAABA,9.7e-003,ENST00000393118.6,2946,2967,3.82e-05
AGDWSRAAGANAMAGARAABA,9.7e-003,ENST00000614627.4,3363,3384,9.51e-05
